Matrix Size,Custom Determinant Time (s),NumPy Determinant Time (s),Determinant Error,Custom Linear Time (s),NumPy Linear Time (s),Linear Solution L2 Error,Custom Eigen Time (s),NumPy Eigen Time (s),Eigenvalue Error,Eigenvector L2 Error,Custom Dominant Eigenvalue,NumPy Dominant Eigenvalue,RHS
1,1.200009137392044e-06,5.6100019719451666e-05,0.0,3.3999967854470015e-06,4.029998672194779e-05,0.0,3.29999893438071e-05,0.00013610001769848168,0.0,0.0,1.0,1.0,[0]
2,1.500011421740055e-06,2.3100001271814108e-05,0.0,4.9000082071870565e-06,1.7799990018829703e-05,0.0,4.990000161342323e-05,6.550000398419797e-05,0.0,1.1102230246251565e-16,6.16227766016838,6.16227766016838,"[1, 8]"
3,3.300025127828121e-06,1.5199999324977398e-05,7.105427357601002e-15,5.600013537332416e-06,1.5600002370774746e-05,1.1102230246251565e-16,7.979999645613134e-05,0.0005819999787490815,1.0658141036401503e-14,2.486410087150353e-16,10.461882439167887,10.461882439167898,"[9, 0, 8]"
4,2.700020559132099e-06,1.5600002370774746e-05,2.842170943040401e-14,6.500020390376449e-06,1.4499993994832039e-05,2.4464300307136874e-15,9.48999950196594e-05,4.650000482797623e-05,7.105427357601002e-15,2.7194799110210365e-16,18.29657166796405,18.296571667964056,"[1, 6, 1, 5]"
5,7.599999662488699e-06,1.5099998563528061e-05,2.2737367544323206e-12,1.0399991879239678e-05,1.610000617802143e-05,8.998287412055164e-15,0.0001640999980736524,5.509998300112784e-05,1.0658141036401503e-14,5.266250202865052e-16,22.23383943922653,22.23383943922654,"[5, 2, 5, 5, 3]"
6,6.600021151825786e-06,1.6699981642886996e-05,5.093170329928398e-11,1.4299992471933365e-05,1.550000160932541e-05,1.594436429147036e-16,0.00019229997997172177,5.1700015319511294e-05,7.105427357601002e-15,2.0770370905276122e-16,27.220720534423684,27.22072053442369,"[9, 6, 5, 3, 2, 8]"
7,8.200004231184721e-06,1.5600002370774746e-05,7.566995918750763e-10,1.6200006939470768e-05,1.5700003132224083e-05,1.149389184398528e-14,0.00022449999232776463,5.520001286640763e-05,7.105427357601002e-15,6.888752704931532e-16,30.52553757421033,30.525537574210322,"[3, 0, 3, 9, 1, 1, 7]"
8,1.0400020983070135e-05,1.4399993233382702e-05,1.30385160446167e-08,2.1299987565726042e-05,1.4199991710484028e-05,5.998091350100882e-14,0.0002626999921631068,5.050000618211925e-05,2.1316282072803006e-14,6.544668208791957e-16,35.681066090556364,35.68106609055634,"[5, 1, 3, 3, 3, 8, 7, 2]"
9,1.4100020052865148e-05,2.0700012100860476e-05,1.4901161193847656e-07,2.8999987989664078e-05,1.5700003132224083e-05,1.1242965541161342e-15,0.000311699986923486,5.6199991377070546e-05,0.0,4.2998752849492583e-16,39.45436491863434,39.45436491863434,"[7, 9, 9, 1, 1, 8, 3, 8, 4]"
10,1.7499987734481692e-05,1.8400023691356182e-05,1.7881393432617188e-07,3.3499993151053786e-05,1.8499995348975062e-05,2.5137579749848748e-15,0.0004655999946407974,6.900000153109431e-05,8.526512829121202e-14,3.7238012298709097e-16,38.33266393884228,38.332663938842195,"[5, 8, 6, 8, 5, 0, 1, 4, 2, 9]"
11,2.2899999748915434e-05,1.7300015315413475e-05,1.3828277587890625e-05,4.5599997974932194e-05,1.71000137925148e-05,1.4183983447567238e-14,0.000437700015027076,7.71000050008297e-05,7.815970093361102e-14,3.7238012298709097e-16,55.14580431199012,55.1458043119902,"[7, 1, 4, 3, 4, 5, 5, 8, 1, 2, 2]"
12,3.619998460635543e-05,3.929997910745442e-05,9.918212890625e-05,6.120000034570694e-05,3.200001083314419e-05,1.8549605051602547e-15,0.0005617999995592982,0.00011389999417588115,3.552713678800501e-14,6.243462346678937e-16,54.93856356984665,54.938563569846615,"[7, 9, 9, 6, 5, 0, 7, 5, 2, 7, 3, 5]"
13,3.91000066883862e-05,4.709998029284179e-05,0.000732421875,7.609999738633633e-05,3.060000017285347e-05,1.2410475080896489e-14,0.0007229999755509198,0.00011490000179037452,2.842170943040401e-14,4.815412394636862e-16,59.587907804901036,59.587907804901064,"[6, 5, 9, 4, 0, 1, 3, 9, 9, 0, 4, 9, 0]"
14,5.09000092279166e-05,2.8499984182417393e-05,0.0166015625,9.220000356435776e-05,2.2199994418770075e-05,5.00190300623727e-15,0.0007868999964557588,9.640000644139946e-05,8.526512829121202e-14,6.491482664476023e-16,65.69765507202757,65.69765507202766,"[9, 4, 6, 4, 7, 4, 3, 6, 7, 1, 3, 6, 9, 5]"
15,6.10999995842576e-05,2.2899999748915434e-05,0.248046875,0.00011029999586753547,2.2799998987466097e-05,2.887075151806472e-13,0.0009267999848816544,9.769998723641038e-05,7.105427357601002e-14,2.9504581591051765e-16,66.75754415975962,66.75754415975969,"[1, 1, 1, 6, 1, 5, 2, 8, 0, 9, 8, 8, 5, 1, 6]"
16,7.03000114299357e-05,2.8099981136620045e-05,0.5126953125,0.0001750000228639692,2.5100016500800848e-05,4.980097071247531e-11,0.0011894999770447612,0.00012630000128410757,1.5631940186722204e-13,7.359154165810706e-16,74.42890773039099,74.42890773039083,"[5, 2, 8, 1, 6, 8, 5, 0, 5, 4, 2, 3, 5, 7, 3, 3]"
17,9.21999744605273e-05,3.739999374374747e-05,112.0,0.0001551999885123223,2.400000812485814e-05,3.3534448099837653e-14,0.0010793000110425055,0.000166199984960258,2.842170943040401e-14,4.041272810440265e-16,75.979719780018,75.97971978001803,"[2, 2, 5, 8, 3, 1, 3, 2, 3, 7, 0, 5, 8, 9, 5, 7, 8]"
18,0.00010289999772794545,2.120001590810716e-05,592.0,0.00017069999012164772,2.1099986042827368e-05,2.2229764710228158e-13,0.0011924999998882413,0.00011910000466741621,1.2789769243681803e-13,5.026748538604307e-16,87.47265280988982,87.47265280988995,"[7, 7, 3, 4, 5, 4, 0, 1, 9, 3, 8, 0, 2, 6, 2, 0, 6, 7]"
19,0.00017980000120587647,5.709999823011458e-05,2208.0,0.00023150001652538776,3.609998384490609e-05,7.530597019001285e-14,0.0014724999782629311,0.000208800018299371,5.684341886080802e-14,6.13768602261588e-16,87.60173361924251,87.60173361924245,"[0, 8, 4, 8, 4, 0, 8, 6, 2, 1, 1, 8, 2, 3, 3, 9, 8, 4, 5]"
20,0.00014109999756328762,2.880001557059586e-05,33792.0,0.00023700000019744039,2.8999987989664078e-05,8.153460172381928e-15,0.0015345000138040632,0.00014710001414641738,2.842170943040401e-14,8.120581339769891e-16,93.85689927789083,93.85689927789086,"[8, 8, 1, 9, 1, 4, 8, 5, 8, 0, 7, 8, 3, 6, 1, 3, 4, 0, 7, 4]"
21,0.00015600002370774746,2.2500025806948543e-05,655360.0,0.00027230000705458224,2.370000584051013e-05,1.7178850012568938e-13,0.0016611999890301377,0.00014750001719221473,2.842170943040401e-14,6.175225736672893e-16,88.46035609789524,88.46035609789527,"[3, 2, 3, 6, 5, 1, 9, 9, 4, 1, 0, 1, 3, 7, 2, 1, 5, 1, 0, 7, 0]"
22,0.0002482999989297241,5.660002352669835e-05,2686976.0,0.0003293000045232475,3.7699996028095484e-05,2.58711838971274e-13,0.004637199977878481,0.0001832999987527728,8.526512829121202e-14,7.178989156685113e-16,99.65960608735489,99.65960608735497,"[5, 4, 5, 4, 4, 4, 3, 2, 8, 3, 0, 9, 6, 5, 2, 0, 7, 4, 4, 6, 6, 6]"
23,0.0015469000209122896,4.6200002543628216e-05,41025536.0,0.0003829000052064657,3.670001751743257e-05,4.099287480420778e-13,0.0020650000078603625,0.0001900999923236668,4.263256414560601e-14,4.3177542613803813e-16,104.57276425298079,104.57276425298075,"[8, 6, 1, 5, 3, 3, 5, 5, 5, 4, 3, 9, 8, 7, 8, 0, 1, 5, 7, 3, 9, 9, 3]"
24,0.00023320000036619604,3.199998172931373e-05,16911433728.0,0.00040970000554807484,3.5500008380040526e-05,4.2408903424242075e-14,0.0023037999926600605,0.00018549998640082777,2.2737367544323206e-13,4.1354876261643746e-16,112.0210482085105,112.02104820851073,"[5, 2, 1, 1, 1, 7, 9, 0, 8, 0, 7, 5, 9, 5, 7, 9, 4, 7, 2, 8, 4, 6, 3, 9]"
25,0.00026489997981116176,4.780001472681761e-05,9797894144.0,0.00044440000783652067,3.950000973418355e-05,5.948683050081946e-13,0.0062111000006552786,0.0002175999979954213,9.947598300641403e-14,6.261943282059023e-16,114.76051693947174,114.76051693947164,"[9, 8, 3, 3, 1, 4, 6, 5, 9, 1, 1, 6, 6, 5, 5, 3, 5, 5, 9, 0, 4, 2, 5, 9, 7]"
26,0.00031809997744858265,4.469999112188816e-05,72808285601792.0,0.0005065999866928905,3.460000152699649e-05,3.879737383363955e-12,0.0026083000120706856,0.00023269999655894935,1.4210854715202004e-14,9.538392452234968e-16,119.24508892939183,119.24508892939181,"[7, 8, 4, 6, 9, 9, 7, 3, 3, 5, 4, 9, 4, 6, 5, 1, 9, 0, 9, 8, 6, 2, 4, 0, 5, 8]"
27,0.0003139000036753714,2.750000567175448e-05,7189775253504.0,0.0005403000104706734,2.7000001864507794e-05,4.8344122967790356e-11,0.0027123999898321927,0.0001886000100057572,1.4210854715202004e-14,5.647424180903416e-16,119.48376693663725,119.48376693663727,"[4, 9, 2, 4, 2, 4, 3, 7, 5, 4, 0, 2, 5, 4, 7, 2, 9, 2, 8, 4, 2, 2, 2, 2, 3, 1, 0]"
28,0.0005260000179987401,4.539999645203352e-05,807041534787584.0,0.0005929000035393983,3.7200021324679255e-05,4.3581814630442095e-14,0.002800499991280958,0.000225499999942258,8.526512829121202e-14,4.972820174300706e-16,126.45007387016418,126.45007387016426,"[0, 6, 9, 6, 9, 4, 2, 1, 5, 2, 9, 1, 0, 8, 6, 7, 7, 1, 3, 3, 3, 4, 4, 7, 6, 2, 6, 3]"
29,0.00038380001205950975,3.399999695830047e-05,4450823069237248.0,0.0006370999908540398,4.73999825771898e-05,1.1705376312530007e-13,0.002838899992639199,0.00022190000163391232,8.526512829121202e-14,6.365655192508265e-16,132.43079438958145,132.43079438958154,"[9, 8, 4, 0, 2, 8, 9, 1, 4, 1, 6, 1, 2, 8, 4, 6, 3, 9, 8, 5, 5, 4, 7, 4, 3, 5, 5, 3, 7]"
30,0.00041870001587085426,5.050000618211925e-05,2181431069507584.0,0.0006822999857831746,4.0399987483397126e-05,2.786530368756638e-13,0.007127099990611896,0.0002567000046838075,8.526512829121202e-14,6.9831616186284e-16,132.92599036514233,132.92599036514224,"[6, 7, 4, 9, 1, 6, 0, 1, 6, 9, 2, 3, 6, 4, 5, 8, 7, 5, 0, 6, 6, 3, 3, 7, 0, 5, 0, 2, 4, 9]"
31,0.00048329998389817774,4.600000102072954e-05,1.5312238733059686e+17,0.0007624000136274844,3.809999907389283e-05,7.165851604302467e-14,0.003285099985077977,0.0003136000013910234,2.842170943040401e-14,7.686841399027327e-16,136.2303704930529,136.23037049305293,"[2, 4, 0, 4, 2, 2, 6, 9, 3, 1, 2, 1, 6, 3, 7, 6, 1, 8, 2, 0, 9, 1, 6, 6, 0, 1, 0, 0, 2, 3, 1]"
32,0.000528500007931143,5.85000088904053e-05,2.3634890844440363e+19,0.007463499990990385,4.329998046159744e-05,1.990844250972519e-13,0.005465800000820309,0.0004332000098656863,5.684341886080802e-14,6.587199833544176e-16,138.38535325202574,138.38535325202568,"[4, 3, 1, 8, 1, 4, 3, 9, 6, 6, 6, 1, 3, 4, 7, 3, 2, 3, 5, 4, 9, 4, 0, 1, 2, 8, 9, 7, 4, 3, 2, 5]"
33,0.00252459998591803,5.329999839887023e-05,1.1102634089363936e+21,0.002655899996170774,4.4500018702819943e-05,4.987421403049711e-13,0.005557199998293072,0.0004497000190895051,2.842170943040401e-14,7.977012308035777e-16,149.13087490750402,149.130874907504,"[2, 7, 5, 1, 5, 6, 2, 7, 7, 9, 6, 3, 0, 4, 4, 8, 3, 6, 0, 8, 5, 4, 5, 6, 6, 7, 6, 6, 4, 0, 4, 7, 3]"
34,0.0007072000007610768,7.579999510198832e-05,8.282588089095589e+22,0.0012051000085193664,4.350001108832657e-05,1.477458301116238e-11,0.007743399997707456,0.000318799982778728,2.842170943040401e-14,4.449557262054371e-16,155.33101517255733,155.33101517255736,"[4, 1, 3, 1, 2, 8, 4, 0, 3, 3, 3, 9, 9, 7, 7, 1, 8, 0, 5, 1, 3, 7, 1, 7, 1, 7, 3, 1, 8, 9, 3, 9, 7, 4]"
35,0.0007294999959412962,4.4199987314641476e-05,1.9479761741837287e+22,0.0012741999817080796,3.6999990697950125e-05,2.6714105559329257e-13,0.00469080000766553,0.003921499999705702,1.1368683772161603e-13,5.633766544994711e-16,158.9500719020549,158.9500719020548,"[1, 3, 9, 8, 4, 8, 2, 2, 8, 5, 0, 1, 1, 6, 8, 8, 0, 9, 2, 5, 5, 0, 2, 1, 3, 0, 6, 0, 9, 0, 6, 9, 1, 3, 0]"
36,0.0007295999967027456,7.850001566112041e-05,1.8558900277677706e+24,0.0012314000050537288,5.059997783973813e-05,9.895961247600037e-13,0.004805999982636422,0.00034779999987222254,1.1368683772161603e-13,5.965834842859474e-16,162.1624521295744,162.16245212957452,"[0, 6, 7, 9, 1, 7, 6, 6, 5, 1, 2, 2, 1, 5, 0, 0, 1, 4, 1, 8, 8, 4, 2, 1, 6, 3, 0, 9, 0, 0, 1, 5, 9, 4, 4, 6]"
37,0.0007591000176034868,5.889998283237219e-05,2.2667359117774297e+23,0.003512299997964874,4.119999357499182e-05,3.8378250352962197e-13,0.004907700000330806,0.0003391000209376216,8.526512829121202e-14,6.125121657294927e-16,162.1119827616095,162.1119827616096,"[4, 4, 2, 1, 8, 2, 9, 9, 8, 7, 4, 7, 8, 1, 2, 2, 4, 8, 9, 0, 5, 6, 7, 0, 8, 6, 7, 0, 0, 9, 0, 0, 4, 3, 6, 5, 5]"
38,0.000830300006782636,5.220001912675798e-05,2.3888374195585072e+27,0.0013199000095482916,3.999998443759978e-05,2.3539207756143096e-13,0.008094899996649474,0.00036959999124519527,1.4210854715202004e-13,6.170545761967547e-16,172.49948024909332,172.49948024909347,"[1, 0, 3, 9, 9, 5, 2, 9, 7, 0, 1, 3, 7, 1, 2, 4, 3, 6, 5, 8, 5, 8, 5, 6, 4, 2, 3, 0, 4, 1, 2, 0, 2, 7, 0, 6, 1, 5]"
39,0.0009802000131458044,3.5900011425837874e-05,2.6399071337760734e+29,0.0014623999886680394,3.170000854879618e-05,6.01050019216189e-13,0.0051238000160083175,0.0003302999830339104,8.526512829121202e-14,6.329245045284193e-16,175.96936245622732,175.9693624562274,"[7, 8, 4, 2, 3, 3, 9, 4, 4, 9, 5, 3, 0, 0, 6, 7, 7, 6, 2, 5, 5, 0, 3, 2, 5, 0, 1, 7, 3, 6, 5, 4, 2, 6, 2, 4, 1, 7, 8]"
40,0.000980199984041974,5.500001134350896e-05,2.506828579552895e+29,0.0032642000005580485,4.169999738223851e-05,3.6695347467050595e-13,0.005599399999482557,0.0003819999983534217,1.4210854715202004e-13,4.886873367543068e-16,174.8397872158701,174.83978721587025,"[5, 8, 2, 6, 9, 2, 9, 9, 0, 0, 7, 6, 8, 6, 2, 7, 6, 3, 3, 2, 8, 3, 8, 9, 6, 3, 3, 7, 6, 1, 8, 5, 1, 8, 6, 2, 6, 7, 1, 3]"
41,0.0010697999969124794,5.870001041330397e-05,2.5511468329593117e+31,0.004268399992724881,4.25000034738332e-05,1.6808705739991955e-13,0.006443300022510812,0.0003972999984398484,1.1368683772161603e-13,6.329245045284193e-16,183.46058048277067,183.46058048277078,"[2, 7, 9, 0, 3, 7, 1, 6, 1, 6, 0, 8, 8, 1, 9, 7, 2, 2, 3, 9, 9, 6, 4, 7, 7, 1, 8, 3, 7, 5, 3, 0, 7, 6, 8, 1, 0, 2, 4, 8, 0]"
42,0.0010735999967437238,5.85000088904053e-05,2.2627563214073895e+32,0.001715399994282052,4.47999918833375e-05,2.0327318947445567e-12,0.007866400002967566,0.0004667000030167401,3.126388037344441e-13,7.671793734223694e-16,187.26206951534948,187.26206951534917,"[7, 4, 4, 0, 8, 8, 0, 6, 7, 0, 8, 9, 8, 7, 0, 9, 2, 0, 1, 9, 9, 1, 8, 4, 3, 1, 1, 3, 2, 6, 6, 1, 1, 5, 8, 4, 8, 5, 8, 0, 5, 2]"
43,0.0011276000004727393,5.85000088904053e-05,2.5669924654621645e+32,0.0017745000077411532,5.390000296756625e-05,6.7407081049024975e-12,0.00877849999233149,0.0004181999829597771,3.410605131648481e-13,6.069846772046872e-16,194.57234824113905,194.5723482411394,"[9, 1, 7, 9, 1, 3, 8, 6, 0, 1, 5, 7, 1, 1, 7, 1, 3, 2, 1, 9, 4, 0, 2, 4, 7, 0, 2, 8, 8, 1, 4, 1, 1, 2, 8, 7, 4, 5, 2, 7, 1, 9, 3]"
44,0.0012181999918539077,5.77000027988106e-05,6.92035815676595e+34,0.0020543999853543937,4.25000034738332e-05,2.6381256926898533e-12,0.009260999999241903,0.0004626000009011477,0.0,7.059962249243381e-16,195.45066545518247,195.45066545518247,"[7, 8, 9, 0, 3, 4, 5, 0, 2, 9, 5, 8, 6, 7, 6, 0, 3, 0, 4, 0, 9, 3, 4, 6, 7, 5, 4, 1, 8, 2, 3, 6, 8, 8, 1, 0, 1, 3, 8, 2, 7, 2, 1, 0]"
45,0.0012872999941464514,5.810000584460795e-05,3.876374123449907e+35,0.002149599982658401,4.369998350739479e-05,5.768475146794622e-13,0.008354300021892413,0.0007942999945953488,8.526512829121202e-14,7.115665691833789e-16,207.6666217435954,207.66662174359533,"[2, 5, 2, 6, 1, 1, 9, 7, 8, 9, 2, 5, 9, 4, 6, 5, 7, 4, 4, 6, 5, 3, 2, 5, 5, 4, 4, 1, 1, 8, 1, 8, 5, 1, 3, 6, 7, 3, 8, 0, 5, 2, 0, 3, 8]"
46,0.0016629000019747764,8.779999916441739e-05,8.291059623708413e+37,0.0021698000200558454,5.5100012104958296e-05,7.248662683222026e-13,0.009251499985111877,0.0005224999913480133,8.526512829121202e-14,6.473657049138938e-16,205.43414782494992,205.43414782495,"[4, 3, 7, 5, 3, 9, 1, 6, 9, 2, 8, 0, 9, 1, 6, 6, 3, 1, 6, 6, 9, 6, 8, 7, 4, 0, 3, 3, 0, 4, 5, 4, 4, 1, 0, 6, 1, 6, 6, 4, 9, 7, 0, 0, 8, 4]"
47,0.0016065000090748072,6.229997961781919e-05,4.5376520706107566e+38,0.002340500010177493,4.67000063508749e-05,2.877457858921167e-12,0.009031599998706952,0.0006766000005882233,1.1368683772161603e-13,4.712321323804737e-16,214.61106289835215,214.61106289835226,"[4, 2, 2, 8, 5, 6, 2, 8, 3, 7, 2, 3, 7, 2, 2, 5, 9, 3, 1, 0, 3, 3, 7, 0, 0, 8, 9, 4, 2, 3, 4, 0, 3, 7, 0, 4, 3, 3, 3, 3, 1, 8, 8, 3, 8, 4, 5]"
48,0.001580699987243861,6.0999998822808266e-05,9.323736853633714e+40,0.0025151000008918345,4.5900000259280205e-05,2.0996014963139658e-13,0.010167300002649426,0.000516800006153062,0.0,6.600343577575282e-16,220.4619843463023,220.4619843463023,"[6, 2, 4, 7, 5, 5, 5, 2, 6, 7, 2, 0, 3, 6, 7, 0, 2, 7, 5, 1, 0, 0, 5, 6, 8, 7, 0, 6, 9, 0, 5, 7, 1, 1, 2, 1, 8, 1, 6, 7, 9, 3, 2, 3, 5, 3, 9, 3]"
49,0.001606599980732426,6.160000339150429e-05,1.5271872627411718e+42,0.0025585999828763306,4.539999645203352e-05,3.6986266125373974e-13,0.01048680001986213,0.0005527999892365187,8.526512829121202e-14,6.001240701725045e-16,220.1373379377764,220.1373379377765,"[0, 9, 9, 9, 7, 0, 2, 4, 4, 0, 4, 3, 1, 0, 9, 0, 7, 7, 1, 8, 2, 3, 5, 3, 2, 7, 7, 3, 7, 6, 5, 5, 4, 7, 6, 1, 7, 2, 7, 5, 7, 3, 5, 5, 4, 8, 1, 4, 7]"
50,0.0017177000117953867,6.019999273121357e-05,3.920052866929211e+41,0.002725400001509115,4.539999645203352e-05,1.8115040935743173e-13,0.01006610001786612,0.0005730999982915819,1.4210854715202004e-13,6.4018582627671775e-16,224.71208830957042,224.71208830957028,"[2, 8, 9, 4, 6, 7, 3, 6, 3, 1, 6, 3, 3, 0, 8, 4, 6, 0, 1, 7, 2, 6, 2, 8, 0, 3, 3, 6, 4, 9, 0, 8, 4, 7, 4, 9, 1, 1, 6, 3, 4, 3, 0, 3, 1, 0, 1, 6, 6, 3]"
51,0.0017633999814279377,6.130000110715628e-05,2.5741680492835153e+43,0.0028218999796081334,6.349998875521123e-05,1.9498134793531232e-13,0.010528900020290166,0.0005963000003248453,2.8421709430404007e-13,6.020465227319877e-16,234.3594690138396,234.35946901383988,"[0, 8, 4, 0, 1, 5, 7, 9, 9, 7, 0, 6, 2, 9, 8, 1, 0, 9, 9, 7, 5, 2, 6, 8, 6, 6, 5, 0, 8, 3, 6, 8, 1, 6, 8, 2, 1, 4, 0, 7, 3, 7, 3, 0, 8, 7, 1, 4, 3, 9, 0]"
52,0.0018700000073295087,6.600000779144466e-05,2.5645856978310217e+44,0.005835599993588403,4.5900000259280205e-05,3.609771087596129e-13,0.008504900004481897,0.0006275000050663948,1.1368683772161603e-13,7.107541237395475e-16,231.80149722339155,231.80149722339166,"[8, 4, 4, 2, 9, 8, 2, 9, 9, 3, 1, 6, 4, 2, 1, 2, 8, 2, 6, 5, 8, 5, 9, 7, 0, 2, 4, 8, 9, 1, 0, 5, 5, 7, 9, 9, 9, 1, 5, 8, 4, 3, 4, 5, 6, 5, 1, 2, 3, 4, 3, 4]"
53,0.0022521000064443797,0.0024344000266864896,1.9780760991096663e+46,0.003254400013247505,0.00017340001068077981,1.0109556931163254e-10,0.008992799994302914,0.0007971999875735492,1.1368683772161603e-13,6.6973807122470445e-16,239.66546865445326,239.66546865445338,"[3, 0, 8, 6, 0, 4, 2, 8, 3, 1, 6, 7, 2, 3, 2, 4, 6, 4, 4, 7, 1, 0, 6, 0, 6, 0, 6, 7, 3, 7, 7, 8, 8, 9, 2, 1, 4, 1, 8, 1, 0, 0, 7, 2, 9, 0, 8, 4, 7, 9, 8, 0, 1]"
54,0.0022191000171005726,6.399999256245792e-05,6.4502675412229974e+47,0.0033088999916799366,4.939999780617654e-05,1.581258148245983e-10,0.011092100001405925,0.0006658000056631863,2.842170943040401e-14,5.465452720264446e-16,240.95990276111146,240.95990276111144,"[5, 1, 6, 9, 3, 2, 4, 0, 5, 7, 4, 1, 1, 9, 3, 5, 3, 9, 1, 0, 3, 8, 9, 1, 6, 6, 7, 7, 0, 9, 5, 2, 1, 8, 5, 8, 6, 8, 0, 4, 3, 9, 4, 2, 9, 0, 0, 8, 8, 9, 2, 5, 8, 5]"
55,0.0021926000190433115,6.44999963697046e-05,1.1475071449355917e+49,0.005433500016806647,6.749999010935426e-05,1.3424544815781911e-12,0.00967329999548383,0.0022489000111818314,1.1368683772161603e-13,6.147092443495345e-16,246.30515077075285,246.30515077075296,"[9, 7, 0, 1, 8, 3, 2, 5, 6, 6, 1, 8, 0, 6, 1, 0, 8, 5, 3, 7, 0, 0, 7, 0, 0, 1, 0, 2, 2, 2, 1, 2, 6, 8, 3, 9, 0, 5, 1, 0, 1, 1, 8, 1, 6, 9, 3, 4, 9, 1, 0, 6, 7, 6, 9]"
56,0.0024206000089179724,6.749999010935426e-05,1.9174901481781446e+51,0.003826799977105111,5.1799986977130175e-05,1.549157046586095e-13,0.01371810000273399,0.0007307000050786883,3.126388037344441e-13,6.700255741661393e-16,254.1152227999531,254.1152227999528,"[3, 9, 8, 9, 5, 1, 1, 1, 3, 9, 9, 7, 7, 3, 8, 7, 9, 2, 7, 8, 7, 6, 7, 8, 2, 3, 6, 0, 8, 4, 2, 2, 9, 6, 6, 5, 1, 4, 4, 4, 8, 6, 5, 7, 4, 3, 0, 6, 2, 0, 6, 8, 1, 4, 8, 4]"
57,0.0025464000063948333,0.00010989999282173812,3.1942579785504214e+52,0.006891900004120544,8.520000847056508e-05,7.989859335026823e-13,0.010450100002344698,0.0036561999877449125,1.1368683772161603e-13,6.312486875184131e-16,256.4684007941305,256.4684007941304,"[9, 7, 8, 0, 3, 9, 9, 3, 4, 6, 8, 6, 2, 0, 7, 5, 3, 9, 1, 9, 1, 9, 3, 8, 2, 8, 9, 1, 8, 3, 5, 0, 7, 3, 9, 8, 4, 8, 5, 5, 0, 5, 0, 6, 8, 1, 5, 1, 1, 4, 6, 2, 7, 8, 5, 6, 6]"
58,0.0026689000078476965,7.529999129474163e-05,2.051246778026669e+53,0.0041145000141114,5.2499992307275534e-05,8.636715059267061e-13,0.014608199999202043,0.0007932999869808555,2.2737367544323206e-13,9.300188912190481e-16,260.22422005223416,260.22422005223393,"[4, 0, 2, 9, 0, 3, 0, 0, 8, 1, 0, 3, 9, 1, 1, 1, 4, 0, 7, 5, 5, 9, 7, 8, 6, 2, 1, 6, 3, 4, 8, 4, 4, 3, 0, 5, 3, 4, 4, 7, 5, 5, 0, 8, 2, 3, 8, 2, 8, 8, 8, 1, 6, 1, 3, 7, 1, 9]"
59,0.002904199995100498,8.72999953571707e-05,2.6339767108632465e+54,0.004467299993848428,5.810000584460795e-05,1.1362878797559531e-13,0.016308799997204915,0.0008296000014524907,1.7053025658242404e-13,5.845168707011763e-16,265.23091591938,265.2309159193798,"[3, 9, 5, 7, 0, 0, 1, 6, 8, 4, 5, 1, 2, 2, 4, 0, 2, 3, 8, 7, 8, 9, 3, 0, 3, 8, 1, 4, 7, 6, 0, 4, 0, 9, 6, 2, 6, 2, 9, 2, 2, 5, 9, 5, 3, 7, 6, 2, 1, 0, 9, 8, 5, 3, 2, 7, 2, 7, 2]"
60,0.005149699980393052,7.119998917914927e-05,1.3650808790700269e+56,0.0055290999880526215,5.289999535307288e-05,1.5930335291743166e-10,0.01463369998964481,0.0008680000028107315,1.7053025658242404e-13,6.13925476028306e-16,269.2514766143588,269.25147661435864,"[8, 4, 4, 1, 8, 5, 1, 9, 9, 6, 8, 3, 2, 7, 6, 2, 8, 9, 0, 8, 2, 3, 7, 1, 0, 5, 9, 6, 0, 2, 3, 3, 9, 8, 0, 4, 7, 3, 2, 7, 2, 2, 4, 3, 7, 5, 8, 1, 1, 6, 2, 5, 9, 6, 9, 7, 1, 8, 5, 1]"
61,0.00422699999762699,8.05000017862767e-05,8.98348886055584e+57,0.0061172000132501125,5.599998985417187e-05,8.586707671443294e-12,0.014947099989512935,0.0008692000119481236,1.1368683772161603e-13,6.114106657603893e-16,272.26189613559205,272.26189613559194,"[5, 6, 2, 8, 4, 4, 3, 2, 9, 0, 8, 1, 1, 6, 0, 9, 6, 2, 9, 3, 9, 5, 6, 1, 3, 6, 1, 5, 1, 0, 0, 3, 7, 4, 9, 2, 1, 2, 0, 9, 6, 9, 8, 6, 0, 0, 7, 7, 5, 7, 1, 5, 5, 5, 6, 2, 3, 9, 4, 7, 6]"
62,0.0032555999932810664,6.930000381544232e-05,1.1583214296080734e+59,0.008922899985918775,5.439997767098248e-05,8.26962688584787e-13,0.01472710000234656,0.0009261000086553395,5.684341886080802e-14,6.292624226552987e-16,280.3159192581744,280.31591925817435,"[1, 8, 6, 7, 7, 1, 6, 4, 1, 8, 1, 4, 6, 0, 4, 9, 9, 1, 2, 9, 3, 6, 3, 2, 2, 8, 0, 2, 9, 7, 9, 8, 0, 1, 3, 4, 7, 2, 0, 9, 6, 7, 3, 8, 6, 6, 7, 5, 1, 9, 6, 5, 3, 7, 6, 7, 0, 3, 9, 2, 7, 4]"
63,0.0034565000096336007,7.379997987300158e-05,5.4228274210864e+59,0.008775199996307492,5.6599994422867894e-05,1.0286105974534337e-12,0.014847900019958615,0.000975200004177168,1.7053025658242404e-13,5.227709432519645e-16,278.7697980563051,278.7697980563049,"[8, 1, 6, 4, 5, 8, 0, 8, 1, 0, 6, 3, 5, 5, 1, 9, 7, 2, 6, 3, 4, 4, 5, 5, 6, 5, 8, 2, 4, 7, 6, 8, 2, 5, 8, 4, 5, 9, 7, 2, 2, 0, 5, 0, 1, 1, 6, 0, 0, 2, 6, 8, 4, 9, 6, 7, 7, 7, 6, 1, 9, 2, 0]"
64,0.0035259999858681113,7.020001066848636e-05,2.230630872687011e+62,0.007980800000950694,5.3800002206116915e-05,7.645866446542335e-13,0.014784200000576675,0.0009699999936856329,3.979039320256561e-13,5.566705740848049e-16,287.1700054585605,287.1700054585609,"[2, 6, 8, 0, 7, 5, 0, 0, 9, 6, 7, 0, 8, 3, 3, 8, 8, 8, 0, 6, 9, 7, 3, 3, 8, 2, 8, 7, 8, 9, 9, 1, 7, 2, 3, 5, 2, 8, 8, 1, 5, 1, 3, 6, 9, 9, 2, 8, 7, 1, 0, 0, 2, 3, 9, 7, 7, 0, 4, 3, 1, 3, 4, 5]"
65,0.003589099971577525,8.340002386830747e-05,4.623462054216414e+62,0.007605799997691065,5.470000905916095e-05,5.262066814975461e-10,0.015147399972192943,0.0009915000118780881,1.7053025658242404e-13,5.633766544994711e-16,289.501264504536,289.5012645045358,"[6, 7, 5, 8, 0, 8, 2, 7, 3, 3, 7, 7, 9, 9, 7, 9, 3, 1, 5, 8, 9, 3, 6, 5, 7, 4, 8, 5, 8, 6, 8, 5, 8, 7, 3, 2, 5, 7, 4, 4, 3, 3, 8, 7, 2, 3, 4, 1, 4, 2, 9, 3, 9, 9, 1, 1, 9, 6, 8, 6, 2, 1, 1, 3, 7]"
66,0.004081599996425211,6.960000609979033e-05,1.6971836848245752e+65,0.00792789997649379,5.43000060133636e-05,2.6925986783767548e-11,0.014935600018361583,0.0011440000089351088,5.684341886080802e-14,4.963128447734629e-16,303.0598514833877,303.0598514833878,"[6, 7, 1, 4, 6, 7, 0, 3, 1, 2, 8, 6, 9, 1, 3, 2, 1, 4, 7, 5, 2, 5, 2, 8, 4, 3, 8, 6, 3, 2, 2, 2, 1, 7, 0, 5, 0, 7, 5, 7, 8, 0, 4, 7, 9, 9, 4, 1, 2, 6, 4, 2, 8, 8, 7, 9, 7, 0, 5, 3, 2, 6, 8, 6, 6, 7]"
67,0.00427289999788627,7.270000060088933e-05,6.121019843147805e+65,0.008004599978448823,5.57999883312732e-05,1.0533443219778885e-09,0.015245499991578981,0.0010303000162821263,2.2737367544323206e-13,6.22801967562394e-16,308.9086251990925,308.9086251990923,"[5, 4, 3, 1, 1, 3, 0, 9, 6, 3, 7, 7, 4, 0, 1, 9, 4, 2, 2, 8, 5, 2, 2, 0, 4, 3, 3, 0, 0, 6, 2, 3, 0, 5, 0, 4, 7, 8, 2, 7, 7, 3, 4, 5, 7, 3, 4, 6, 5, 2, 6, 7, 4, 9, 9, 8, 8, 3, 5, 1, 9, 9, 1, 7, 7, 3, 7]"
68,0.004916900012176484,6.930000381544232e-05,1.3816972666914703e+68,0.006821699993452057,5.400000372901559e-05,7.493721304042596e-12,0.01589479998801835,0.0011001999955624342,2.2737367544323206e-13,4.3643381113279665e-16,305.9557570324096,305.95575703240985,"[5, 1, 7, 7, 1, 8, 8, 8, 7, 4, 9, 4, 4, 2, 3, 1, 8, 1, 1, 4, 0, 7, 3, 1, 9, 1, 9, 7, 5, 6, 8, 3, 2, 6, 7, 0, 4, 5, 6, 9, 8, 7, 6, 3, 4, 8, 6, 5, 4, 7, 2, 2, 3, 0, 3, 0, 8, 5, 9, 3, 8, 8, 7, 0, 5, 6, 7, 6]"
69,0.005709499993827194,7.88999896030873e-05,9.802468108509303e+68,0.00873250002041459,6.240000948309898e-05,3.943403172466073e-12,0.017365099978633225,0.0012249000137671828,5.115907697472721e-13,5.715222817774257e-16,305.82696591968687,305.8269659196874,"[0, 5, 7, 0, 4, 2, 7, 8, 7, 7, 1, 1, 2, 7, 8, 1, 6, 1, 3, 1, 6, 8, 8, 8, 1, 3, 9, 9, 0, 1, 7, 8, 5, 5, 6, 6, 5, 7, 2, 0, 0, 7, 1, 2, 0, 8, 1, 3, 3, 2, 4, 1, 2, 5, 4, 9, 6, 0, 1, 3, 3, 4, 8, 5, 3, 6, 8, 1, 9]"
70,0.004842299997108057,7.51999905332923e-05,2.099505846704356e+69,0.008363900007680058,7.440001354552805e-05,1.2679804194197766e-12,0.01715989998774603,0.0011747999815270305,2.8421709430404007e-13,7.018923562586039e-16,313.2615514237519,313.26155142375217,"[6, 2, 5, 3, 8, 4, 4, 3, 6, 6, 5, 2, 0, 4, 1, 0, 2, 6, 8, 0, 3, 3, 0, 7, 6, 9, 5, 0, 0, 8, 7, 2, 3, 3, 9, 5, 1, 7, 8, 8, 0, 1, 4, 3, 1, 2, 2, 2, 8, 8, 1, 9, 8, 2, 6, 4, 2, 5, 8, 2, 6, 2, 4, 4, 8, 6, 3, 9, 8, 7]"
71,0.008097200014162809,7.660000119358301e-05,2.318555413374955e+69,0.0075369000260252506,6.029999349266291e-05,4.1232912084543703e-13,0.018126399983884767,0.0012095999845769256,1.1368683772161603e-13,6.245004513516506e-16,320.17912761494,320.1791276149401,"[3, 0, 3, 8, 9, 7, 7, 3, 1, 2, 6, 5, 0, 0, 7, 5, 4, 0, 6, 3, 1, 2, 2, 5, 5, 5, 1, 1, 9, 7, 2, 6, 3, 1, 7, 2, 7, 2, 0, 6, 5, 5, 1, 9, 4, 9, 7, 3, 8, 6, 3, 6, 2, 0, 2, 6, 1, 3, 8, 6, 7, 2, 5, 2, 8, 3, 1, 8, 7, 0, 4]"
72,0.005288300017127767,7.369997911155224e-05,1.266056349855261e+74,0.009373000008054078,5.649999366141856e-05,2.0271631551430874e-12,0.018395099992631003,0.0011408000136725605,2.8421709430404007e-13,5.899284201924615e-16,323.50785929131723,323.5078592913175,"[3, 0, 1, 0, 3, 3, 9, 9, 7, 0, 3, 5, 1, 5, 5, 7, 9, 5, 3, 6, 4, 2, 1, 3, 7, 9, 1, 1, 5, 6, 9, 9, 7, 1, 5, 0, 8, 4, 0, 7, 6, 6, 9, 7, 9, 1, 7, 8, 3, 7, 4, 6, 4, 3, 8, 0, 3, 6, 7, 2, 3, 0, 0, 7, 9, 1, 5, 4, 6, 0, 6, 0]"
73,0.007590399996843189,0.00012019998393952847,5.143181377628328e+73,0.008062200009590015,7.51999905332923e-05,1.332015830996778e-11,0.018520699988584965,0.001698700012639165,2.8421709430404007e-13,6.815675334009105e-16,323.88907263328974,323.88907263329,"[6, 9, 9, 1, 9, 3, 0, 3, 1, 5, 8, 4, 2, 5, 6, 1, 4, 2, 9, 3, 8, 3, 1, 1, 5, 9, 2, 4, 7, 0, 1, 5, 9, 8, 0, 7, 2, 8, 5, 4, 7, 8, 9, 4, 1, 0, 9, 7, 7, 2, 9, 7, 1, 3, 0, 6, 6, 6, 7, 9, 8, 1, 2, 6, 7, 5, 9, 9, 8, 8, 2, 2, 9]"
74,0.0054983000154607,7.379997987300158e-05,3.5995091827197635e+75,0.009928900020895526,5.8200006606057286e-05,2.4975626896011506e-11,0.01754809997510165,0.0013315000105649233,2.2737367544323206e-13,6.884557787641112e-16,335.40744191774104,335.4074419177408,"[0, 6, 8, 2, 6, 1, 6, 3, 5, 9, 3, 2, 2, 7, 7, 7, 7, 5, 7, 6, 3, 6, 0, 1, 8, 7, 2, 8, 1, 2, 9, 6, 1, 3, 5, 7, 9, 9, 6, 4, 0, 0, 6, 3, 3, 5, 5, 7, 8, 5, 0, 3, 8, 9, 4, 4, 9, 9, 1, 2, 6, 1, 0, 2, 5, 4, 8, 8, 5, 7, 5, 2, 2, 7]"
75,0.00558109997655265,7.850001566112041e-05,2.575356281620973e+76,0.009142800001427531,6.10999995842576e-05,1.2648287183413088e-12,0.020698399981483817,0.0013185999996494502,2.2737367544323206e-13,6.007655712323801e-16,336.2964368560028,336.2964368560026,"[6, 4, 9, 3, 5, 0, 2, 4, 1, 4, 7, 6, 3, 4, 1, 9, 0, 8, 2, 6, 8, 2, 8, 0, 5, 4, 9, 2, 0, 6, 2, 5, 9, 2, 1, 4, 8, 1, 0, 0, 4, 3, 3, 2, 8, 7, 5, 3, 1, 8, 9, 6, 8, 9, 5, 7, 1, 5, 4, 8, 1, 9, 3, 5, 6, 2, 8, 0, 8, 1, 1, 4, 2, 5, 1]"
76,0.007998799992492422,9.960000170394778e-05,1.9924380980092884e+77,0.009220299980370328,5.980001878924668e-05,5.525759922040315e-10,0.019977000018116087,0.0021424000151455402,6.252776074688882e-13,6.061909215660398e-16,338.9695844653148,338.96958446531545,"[7, 8, 0, 7, 7, 2, 9, 5, 4, 5, 2, 4, 1, 8, 9, 0, 6, 5, 8, 4, 1, 8, 1, 7, 4, 3, 4, 2, 3, 9, 4, 4, 5, 3, 2, 4, 2, 8, 7, 1, 9, 6, 0, 5, 2, 8, 8, 2, 5, 1, 9, 1, 1, 0, 6, 1, 7, 0, 3, 6, 5, 3, 4, 0, 2, 7, 4, 2, 1, 7, 9, 5, 5, 2, 5, 2]"
77,0.00811930000782013,8.169998181983829e-05,2.0317893158360326e+78,0.009585499996319413,7.06000137142837e-05,1.3819112972502034e-11,0.021554700011620298,0.0020179999992251396,4.547473508864641e-13,5.260761665466759e-16,349.52477072581587,349.5247707258154,"[3, 7, 2, 2, 1, 8, 4, 5, 8, 6, 3, 9, 4, 5, 4, 2, 9, 8, 6, 5, 8, 6, 6, 7, 6, 8, 7, 9, 7, 4, 9, 6, 5, 5, 7, 6, 5, 5, 8, 1, 5, 1, 9, 6, 1, 3, 2, 4, 3, 8, 5, 3, 5, 0, 0, 5, 4, 4, 9, 6, 3, 4, 1, 7, 4, 6, 0, 9, 7, 6, 6, 3, 0, 2, 5, 0, 3]"
78,0.008709499990800396,0.00010699999984353781,1.3807048720657583e+81,0.010980899998685345,6.349998875521123e-05,5.237171251294003e-11,0.021347600006265566,0.0020229000074323267,5.684341886080802e-14,4.669210529678814e-16,349.7873426472066,349.7873426472065,"[2, 5, 4, 7, 7, 9, 6, 0, 0, 2, 7, 1, 5, 2, 0, 9, 0, 6, 9, 3, 9, 5, 5, 1, 7, 9, 0, 3, 5, 6, 8, 4, 6, 9, 3, 4, 0, 1, 2, 7, 7, 9, 9, 8, 5, 3, 7, 5, 0, 3, 0, 1, 4, 3, 0, 1, 3, 9, 7, 0, 0, 7, 6, 3, 5, 7, 0, 2, 8, 6, 1, 7, 9, 3, 1, 6, 9, 8]"
79,0.006611699995119125,8.569998317398131e-05,3.416329800857777e+81,0.013114899978972971,6.290001329034567e-05,4.756466873479659e-12,0.019441100012045354,0.0018592999840620905,0.0,5.001782679964234e-16,355.9717012364487,355.9717012364487,"[2, 9, 1, 5, 3, 2, 5, 4, 3, 9, 9, 5, 8, 1, 9, 4, 5, 2, 9, 3, 2, 6, 1, 4, 8, 2, 3, 6, 3, 1, 0, 8, 0, 8, 9, 0, 9, 7, 1, 1, 6, 0, 4, 1, 1, 4, 2, 5, 1, 5, 0, 1, 9, 2, 0, 1, 1, 8, 3, 1, 6, 6, 1, 6, 9, 0, 7, 0, 0, 3, 9, 7, 8, 5, 5, 1, 1, 6, 9]"
80,0.006544600008055568,9.790001786313951e-05,1.0716710748787437e+122,0.07971829999587499,8.379999781027436e-05,67.29663269028593,0.053748900012578815,0.0025619999796617776,3.410605131648481e-13,5.187026250472392e-16,359.05185106755084,359.0518510675505,"[4, 2, 1, 1, 7, 7, 4, 9, 8, 8, 3, 7, 2, 5, 2, 4, 3, 8, 5, 7, 2, 9, 0, 3, 0, 8, 2, 5, 3, 8, 2, 0, 2, 3, 8, 5, 8, 1, 6, 0, 2, 3, 1, 5, 9, 4, 3, 0, 9, 1, 9, 4, 9, 6, 8, 3, 5, 7, 9, 1, 2, 9, 2, 3, 5, 8, 5, 2, 9, 3, 1, 2, 5, 6, 7, 0, 7, 2, 1, 9]"
81,0.009451499994611368,8.689999231137335e-05,3.569654089464777e+85,0.01247950000106357,6.930000381544232e-05,9.379597376575987e-13,0.023897300008684397,0.0021034000092186034,2.2737367544323206e-13,5.894385141534759e-16,363.0577776571299,363.05777765713015,"[5, 5, 3, 1, 8, 9, 6, 1, 1, 2, 0, 4, 8, 9, 0, 7, 9, 9, 0, 7, 0, 9, 7, 0, 6, 3, 2, 3, 2, 6, 6, 7, 4, 9, 0, 0, 7, 3, 8, 4, 2, 7, 0, 3, 3, 3, 9, 1, 7, 9, 8, 6, 5, 3, 2, 9, 5, 8, 6, 4, 4, 2, 2, 9, 5, 1, 8, 7, 7, 0, 8, 1, 5, 3, 7, 6, 0, 4, 8, 2, 9]"
82,0.007737600011751056,9.099999442696571e-05,8.353476236570635e+85,0.013251799973659217,7.529999129474163e-05,1.007856919209258e-12,0.023115700023481622,0.002048599999397993,2.2737367544323206e-13,4.456045076817828e-16,366.6833225064111,366.68332250641134,"[8, 0, 3, 7, 9, 7, 5, 3, 3, 9, 1, 7, 0, 3, 8, 6, 1, 6, 7, 8, 1, 7, 6, 6, 4, 7, 1, 5, 7, 1, 4, 9, 9, 3, 1, 2, 9, 5, 8, 1, 2, 9, 2, 9, 2, 3, 1, 1, 0, 9, 2, 6, 5, 4, 7, 9, 0, 2, 7, 6, 7, 8, 2, 3, 4, 7, 6, 3, 0, 4, 1, 2, 3, 3, 5, 7, 0, 8, 2, 3, 2, 2]"
83,0.009581000020261854,8.379999781027436e-05,1.5790012756010726e+88,0.012089999974705279,6.930000381544232e-05,6.438239097288337e-13,0.022362500021699816,0.0021801999828312546,3.410605131648481e-13,4.1817991217938843e-16,370.0285587460262,370.02855874602585,"[8, 7, 6, 1, 6, 1, 5, 0, 1, 9, 4, 1, 5, 1, 5, 2, 3, 5, 0, 7, 0, 8, 9, 7, 0, 4, 7, 3, 9, 1, 2, 9, 5, 0, 3, 4, 3, 8, 8, 2, 1, 7, 0, 7, 5, 0, 5, 1, 6, 3, 3, 6, 3, 5, 5, 0, 0, 4, 7, 1, 4, 0, 0, 5, 6, 4, 9, 4, 5, 1, 6, 0, 3, 7, 7, 2, 2, 8, 6, 8, 3, 1, 9]"
84,0.008833800005959347,8.379999781027436e-05,8.920735553100548e+88,0.014110199990682304,6.690001464448869e-05,2.0253602855119295e-12,0.022785000008298084,0.002125899976817891,1.1368683772161603e-13,5.632057011790433e-16,375.2044650614291,375.20446506142923,"[0, 5, 9, 4, 0, 5, 8, 1, 3, 1, 5, 0, 9, 6, 9, 7, 9, 8, 6, 8, 0, 7, 6, 5, 2, 6, 1, 5, 2, 0, 0, 5, 4, 8, 3, 4, 5, 8, 2, 2, 5, 9, 7, 7, 2, 9, 6, 7, 4, 2, 8, 4, 2, 7, 7, 1, 1, 6, 5, 8, 2, 7, 3, 0, 8, 5, 7, 4, 5, 5, 2, 8, 2, 6, 1, 3, 0, 8, 3, 9, 3, 9, 8, 9]"
85,0.013105699996231124,0.00013359999866224825,2.5395313744029345e+91,0.016312899999320507,9.029998909682035e-05,1.3748341324332658e-11,0.02553240000270307,0.0041174000070896,2.2737367544323206e-13,5.198153241272608e-16,386.10232064815756,386.10232064815733,"[1, 0, 3, 4, 0, 0, 5, 5, 6, 0, 7, 5, 7, 9, 1, 9, 9, 9, 3, 1, 1, 4, 0, 3, 6, 0, 0, 4, 6, 3, 2, 0, 8, 1, 7, 8, 2, 5, 0, 5, 8, 2, 1, 7, 0, 6, 1, 5, 5, 6, 9, 8, 1, 5, 3, 9, 3, 0, 7, 2, 9, 5, 0, 2, 7, 7, 2, 5, 7, 8, 7, 5, 6, 0, 2, 8, 5, 3, 7, 6, 6, 9, 8, 9, 5]"
86,0.014476000011200085,8.830000297166407e-05,1.2385178736113675e+93,0.015501399990171194,7.129998994059861e-05,1.9095617362423753e-12,0.027806199999758974,0.002359500009333715,0.0,8.078970591311953e-16,387.27736501397567,387.27736501397567,"[2, 1, 7, 8, 2, 2, 4, 8, 1, 6, 4, 4, 9, 1, 2, 4, 3, 5, 4, 5, 2, 6, 8, 3, 9, 5, 2, 8, 4, 6, 3, 9, 5, 5, 3, 0, 6, 6, 5, 9, 5, 2, 7, 6, 6, 5, 4, 0, 5, 7, 7, 8, 1, 7, 0, 6, 6, 9, 1, 3, 0, 3, 2, 3, 7, 3, 4, 5, 0, 4, 9, 6, 7, 9, 8, 2, 3, 1, 9, 9, 5, 4, 4, 0, 8, 6]"
87,0.009066500002518296,9.42000187933445e-05,1.3819252063453154e+94,0.01946680000401102,7.749997894279659e-05,5.359049406560995e-12,0.029188499989686534,0.0026265000051353127,5.684341886080802e-14,7.020295383875907e-16,393.29646010656137,393.2964601065613,"[2, 7, 1, 5, 9, 9, 8, 1, 4, 7, 4, 0, 0, 1, 3, 0, 2, 7, 4, 0, 7, 3, 6, 8, 3, 5, 4, 3, 1, 1, 9, 8, 3, 7, 9, 3, 9, 2, 5, 4, 7, 9, 4, 7, 6, 8, 9, 7, 2, 5, 9, 3, 7, 4, 7, 2, 7, 0, 7, 6, 8, 3, 2, 7, 4, 4, 4, 2, 6, 1, 1, 0, 4, 6, 7, 6, 4, 7, 9, 3, 5, 0, 2, 3, 1, 0, 5]"
88,0.014858000009553507,0.00014399999054148793,1.0025476261127807e+95,0.019670899986522272,0.00011779999476857483,1.0733431610358138e-11,0.11627950001275167,0.005496099998708814,2.8421709430404007e-13,5.596036177128992e-16,397.36603184369767,397.36603184369795,"[8, 3, 5, 1, 8, 1, 3, 1, 2, 8, 7, 1, 9, 4, 8, 5, 4, 1, 6, 9, 5, 7, 1, 7, 7, 0, 0, 3, 8, 1, 2, 5, 0, 2, 2, 7, 4, 7, 9, 4, 3, 9, 1, 8, 9, 9, 4, 6, 7, 0, 3, 6, 2, 8, 8, 4, 5, 3, 9, 4, 5, 5, 4, 6, 7, 4, 5, 6, 2, 1, 7, 6, 5, 3, 9, 6, 9, 8, 2, 2, 1, 1, 0, 1, 3, 4, 5, 9]"
89,0.017473600019002333,0.00010429997928440571,2.505195732559583e+96,0.02260609998484142,0.00012589999823831022,1.5890034670883547e-12,0.03460250000352971,0.004500800016103312,1.1368683772161603e-13,5.35869531423589e-16,396.1117543132625,396.1117543132624,"[9, 0, 5, 1, 7, 7, 2, 6, 9, 0, 3, 4, 7, 7, 6, 3, 3, 8, 6, 9, 6, 6, 5, 1, 4, 9, 4, 1, 8, 8, 2, 0, 5, 5, 3, 6, 1, 7, 2, 2, 5, 9, 5, 0, 6, 0, 4, 7, 9, 1, 5, 9, 6, 3, 9, 1, 2, 2, 8, 2, 9, 5, 0, 2, 0, 7, 1, 1, 3, 8, 4, 1, 3, 6, 3, 8, 6, 4, 6, 3, 9, 0, 4, 4, 4, 2, 2, 1, 8]"
90,0.011721199989551678,0.0001480000209994614,2.6245940703878183e+98,0.025087299989536405,0.00010710000060498714,6.189977812631558e-13,0.039057199988747016,0.003138399973977357,2.2737367544323206e-13,4.556481625168086e-16,402.49650870451495,402.4965087045147,"[4, 7, 5, 7, 5, 6, 1, 2, 6, 4, 3, 1, 0, 3, 2, 9, 5, 4, 1, 4, 5, 3, 8, 6, 5, 9, 1, 6, 2, 2, 2, 8, 4, 1, 2, 8, 0, 1, 3, 8, 0, 6, 2, 8, 6, 4, 2, 3, 8, 6, 1, 0, 7, 8, 9, 2, 1, 3, 1, 1, 0, 4, 2, 5, 3, 6, 9, 7, 3, 2, 2, 8, 2, 2, 9, 6, 0, 1, 5, 8, 4, 9, 6, 8, 5, 1, 1, 0, 2, 2]"
91,0.013436500012176111,0.00014370001736097038,3.768735526178854e+100,0.017905799992149696,0.00010090001160278916,3.421181024268437e-12,0.02820669999346137,0.0030580000020563602,2.2737367544323206e-13,5.57362090592517e-16,415.40679541996576,415.40679541996553,"[5, 2, 9, 1, 3, 7, 2, 2, 6, 0, 3, 7, 2, 3, 1, 6, 9, 9, 4, 1, 5, 6, 6, 1, 9, 8, 5, 6, 2, 6, 4, 7, 7, 5, 9, 4, 2, 0, 3, 5, 0, 7, 3, 1, 2, 0, 0, 7, 3, 6, 5, 4, 5, 0, 6, 8, 5, 6, 3, 1, 0, 2, 8, 3, 6, 8, 3, 1, 7, 8, 1, 7, 7, 1, 5, 3, 8, 3, 2, 6, 0, 4, 7, 6, 3, 5, 8, 0, 9, 0, 4]"
92,0.011194799997610971,0.0002701000194065273,1.5447458243780022e+101,0.01725640002405271,0.00017709998064674437,1.7387506493228392e-11,0.027999100013403222,0.0030814000056125224,3.410605131648481e-13,4.877010848171487e-16,412.0201777650309,412.02017776503124,"[4, 5, 3, 5, 1, 0, 7, 3, 1, 1, 2, 5, 1, 3, 2, 0, 7, 0, 0, 2, 1, 0, 6, 2, 5, 9, 4, 6, 7, 3, 6, 9, 2, 6, 2, 8, 7, 7, 9, 4, 2, 7, 5, 3, 7, 0, 4, 2, 0, 3, 7, 3, 9, 8, 6, 8, 9, 1, 4, 8, 1, 9, 0, 3, 2, 1, 9, 7, 7, 8, 2, 6, 8, 9, 5, 1, 3, 5, 9, 6, 7, 7, 5, 2, 8, 7, 4, 9, 2, 0, 6, 8]"
93,0.012334500002907589,0.0001391999830957502,2.1445856653327133e+103,0.018599500006530434,9.750001481734216e-05,1.3615374002969749e-08,0.027749300003051758,0.0033426000154577196,3.410605131648481e-13,5.406996999795565e-16,412.98130871328874,412.9813087132891,"[7, 2, 2, 5, 5, 9, 1, 0, 5, 5, 0, 2, 5, 0, 6, 7, 9, 1, 1, 5, 2, 5, 5, 3, 5, 1, 2, 5, 3, 0, 9, 2, 4, 5, 5, 9, 4, 8, 8, 7, 3, 1, 0, 9, 1, 8, 3, 7, 5, 1, 6, 2, 1, 1, 3, 7, 6, 6, 2, 6, 0, 7, 2, 9, 6, 4, 7, 2, 0, 3, 6, 4, 7, 1, 9, 5, 5, 2, 5, 2, 1, 7, 3, 6, 5, 4, 8, 7, 4, 3, 2, 1, 6]"
94,0.013344300008611754,0.00012989999959245324,4.5542770547627516e+104,0.017717699985951185,9.210000280290842e-05,1.2985764905371291e-08,0.030402900010813028,0.003367400000570342,5.684341886080801e-13,6.114106657603893e-16,423.4407516784548,423.4407516784542,"[2, 3, 9, 2, 5, 8, 7, 4, 6, 8, 5, 3, 7, 4, 9, 2, 4, 0, 6, 8, 2, 9, 1, 9, 1, 7, 8, 1, 5, 1, 4, 2, 1, 8, 2, 7, 9, 7, 6, 1, 7, 8, 2, 9, 2, 2, 3, 3, 4, 4, 9, 9, 0, 7, 2, 1, 8, 3, 6, 9, 8, 3, 7, 5, 4, 4, 0, 8, 8, 9, 0, 6, 9, 9, 3, 2, 4, 9, 6, 8, 3, 8, 2, 6, 2, 3, 4, 1, 7, 8, 0, 5, 7, 6]"
95,0.017612499999813735,0.0001694000093266368,1.7111649830238424e+105,0.02836539997952059,0.00011809999705292284,5.345136584953682e-12,0.03943100001197308,0.007456099992850795,7.958078640513122e-13,6.57842274792227e-16,428.9825503337995,428.9825503337987,"[6, 1, 6, 8, 8, 9, 5, 8, 4, 4, 9, 2, 6, 2, 8, 8, 9, 8, 3, 3, 4, 3, 0, 9, 9, 6, 2, 2, 0, 5, 2, 5, 7, 6, 6, 7, 1, 1, 6, 4, 3, 4, 9, 5, 0, 3, 3, 4, 4, 3, 1, 8, 2, 8, 2, 6, 3, 0, 5, 0, 0, 3, 5, 4, 5, 1, 1, 2, 2, 3, 7, 8, 5, 5, 0, 2, 6, 5, 0, 7, 9, 2, 1, 8, 9, 5, 4, 5, 2, 4, 2, 4, 8, 1, 5]"
96,0.028061000019079074,0.00010999999358318746,7.167183174968974e+103,0.036199499998474494,9.429999045096338e-05,1.2384109050304287e-11,0.04329410000354983,0.004941699997289106,3.410605131648481e-13,5.577075273102727e-16,426.4292545762397,426.4292545762394,"[0, 1, 1, 4, 0, 1, 1, 5, 2, 5, 5, 8, 2, 5, 8, 8, 2, 7, 4, 4, 3, 5, 9, 7, 6, 4, 0, 8, 5, 6, 7, 4, 2, 1, 2, 5, 8, 9, 0, 2, 2, 4, 7, 2, 2, 5, 3, 1, 9, 7, 4, 2, 5, 5, 1, 4, 9, 1, 9, 8, 2, 1, 8, 3, 3, 3, 5, 1, 8, 4, 3, 9, 2, 1, 8, 1, 1, 2, 6, 8, 5, 4, 6, 2, 3, 1, 1, 6, 3, 1, 9, 1, 0, 8, 5, 4]"
97,0.022815800009993836,0.0001638999965507537,2.4861524997332375e+108,0.023571600002469495,0.00010309999925084412,2.1027477066068814e-12,0.03550259998883121,0.0055309000017587095,0.0,6.320109733746027e-16,441.3164874922776,441.3164874922776,"[2, 8, 5, 4, 6, 2, 7, 8, 6, 4, 2, 5, 0, 1, 4, 6, 0, 5, 8, 4, 4, 0, 7, 3, 0, 6, 9, 1, 3, 6, 9, 7, 0, 6, 6, 4, 3, 0, 2, 6, 4, 8, 8, 4, 7, 5, 0, 4, 7, 8, 6, 2, 3, 8, 5, 5, 1, 3, 1, 6, 4, 1, 7, 5, 8, 4, 6, 6, 4, 2, 9, 6, 9, 5, 4, 3, 8, 8, 8, 9, 5, 7, 1, 0, 6, 0, 1, 6, 0, 7, 5, 3, 5, 4, 7, 8, 6]"
98,0.01597629999741912,0.000145800004247576,4.584703733364153e+108,0.022235299984458834,9.889999637380242e-05,1.1069711059860683e-11,0.03581780000240542,0.0062744999886490405,0.0,6.212538618432903e-16,444.11628555852326,444.11628555852326,"[6, 5, 8, 4, 0, 2, 8, 1, 2, 2, 1, 6, 3, 4, 0, 9, 9, 2, 6, 2, 7, 9, 6, 8, 3, 6, 8, 7, 7, 6, 8, 2, 0, 0, 8, 6, 3, 9, 5, 3, 0, 0, 1, 0, 7, 8, 5, 6, 2, 4, 4, 3, 5, 1, 7, 1, 9, 4, 4, 0, 1, 2, 7, 0, 0, 6, 1, 2, 4, 2, 1, 0, 5, 5, 1, 9, 3, 2, 5, 3, 7, 8, 9, 4, 7, 8, 4, 5, 2, 5, 1, 5, 7, 7, 1, 5, 6, 1]"
99,0.014946300012525171,0.00010259999544359744,3.7377055204845556e+111,0.02177819999633357,8.450000314041972e-05,1.913639948155493e-12,0.03367289999732748,0.003988199983723462,2.2737367544323206e-13,4.355503409735122e-16,448.8726401641602,448.87264016416,"[6, 6, 6, 2, 1, 5, 7, 5, 9, 6, 8, 3, 2, 1, 8, 0, 4, 7, 8, 2, 6, 9, 9, 3, 5, 2, 5, 6, 5, 9, 7, 9, 3, 8, 3, 0, 8, 9, 8, 0, 7, 0, 3, 6, 2, 1, 5, 5, 9, 8, 4, 0, 1, 9, 7, 6, 9, 2, 8, 9, 7, 6, 0, 2, 0, 2, 0, 0, 2, 1, 0, 1, 2, 7, 5, 1, 4, 6, 7, 6, 0, 1, 4, 2, 7, 9, 6, 5, 6, 2, 9, 4, 8, 3, 6, 6, 5, 0, 3]"
100,0.014225999999325722,0.00017019998631440103,2.9354903450606696e+113,0.024007500003790483,0.16920450000907294,6.044580968883533e-12,0.03064830001676455,0.004984899976989254,5.684341886080802e-14,6.13925476028306e-16,448.8200795458019,448.82007954580195,"[4, 9, 1, 6, 2, 2, 5, 9, 5, 2, 9, 4, 2, 0, 0, 9, 8, 3, 4, 2, 5, 1, 0, 2, 5, 4, 7, 6, 4, 1, 0, 7, 0, 3, 5, 5, 9, 9, 9, 9, 6, 0, 4, 6, 9, 5, 7, 4, 8, 2, 0, 3, 2, 8, 8, 7, 9, 9, 7, 5, 3, 8, 4, 7, 4, 9, 9, 1, 4, 8, 2, 2, 1, 4, 2, 6, 0, 8, 3, 9, 0, 9, 4, 9, 5, 9, 4, 1, 9, 2, 0, 4, 7, 0, 8, 0, 4, 7, 8, 2]"
101,0.016175299999304116,0.00010490001295693219,1.3816194189348528e+115,0.02409969997825101,0.14562649998697452,2.555725407216436e-10,0.032934100017882884,0.006099599995650351,2.8421709430404007e-13,7.486291564030121e-16,456.965871238034,456.9658712380343,"[6, 7, 3, 6, 3, 6, 1, 3, 8, 9, 0, 7, 7, 9, 9, 7, 1, 2, 0, 1, 8, 8, 0, 1, 5, 9, 4, 7, 3, 1, 1, 4, 8, 5, 3, 5, 2, 8, 0, 8, 7, 8, 0, 2, 6, 0, 5, 2, 1, 7, 2, 4, 1, 0, 2, 1, 1, 4, 6, 1, 9, 4, 9, 1, 3, 1, 9, 9, 8, 0, 0, 7, 9, 7, 2, 9, 5, 1, 9, 7, 7, 9, 8, 1, 6, 6, 3, 9, 7, 2, 8, 9, 9, 8, 5, 9, 9, 7, 6, 2, 0]"
102,0.017808200005674735,0.00011260001338087022,3.150428962236131e+115,0.0242658999923151,0.24391069999546744,2.645265524214756e-11,0.03417599998647347,0.007488400005968288,3.410605131648481e-13,6.332287220439566e-16,458.55996393869003,458.5599639386904,"[8, 0, 7, 7, 5, 4, 8, 5, 2, 7, 6, 2, 7, 3, 0, 0, 4, 8, 0, 1, 0, 3, 0, 6, 7, 1, 2, 2, 9, 3, 1, 4, 0, 3, 7, 4, 5, 7, 2, 3, 9, 4, 2, 1, 4, 2, 5, 3, 8, 9, 5, 0, 6, 5, 2, 7, 6, 3, 8, 7, 2, 4, 2, 8, 2, 9, 5, 7, 9, 7, 4, 3, 8, 4, 5, 2, 5, 7, 0, 7, 1, 2, 8, 8, 3, 0, 8, 1, 8, 1, 4, 1, 5, 9, 3, 3, 9, 1, 6, 7, 6, 3]"
103,0.018488300003809854,0.00011079999967478216,1.0966378677707448e+115,0.026098900008946657,0.15906139998696744,9.443095747998193e-12,0.034778600005665794,0.005586700019193813,0.0,6.114106657603893e-16,464.9205820994962,464.9205820994962,"[7, 3, 9, 3, 7, 1, 9, 3, 9, 2, 3, 6, 5, 0, 6, 8, 4, 9, 4, 5, 7, 9, 3, 3, 4, 8, 8, 5, 5, 2, 0, 9, 5, 7, 3, 2, 7, 2, 6, 7, 2, 5, 1, 6, 2, 4, 9, 0, 1, 6, 4, 0, 0, 0, 4, 5, 3, 5, 0, 9, 6, 9, 4, 0, 4, 9, 2, 7, 4, 0, 8, 8, 3, 5, 7, 1, 9, 7, 0, 2, 1, 6, 2, 5, 6, 6, 5, 3, 3, 2, 0, 1, 2, 1, 2, 3, 0, 2, 6, 2, 5, 1, 0]"
104,0.017145899997558445,0.00010489998385310173,9.375707374432066e+118,0.025042399996891618,0.2035483000217937,1.6720287195061916e-10,0.0347489999840036,0.005751699995016679,2.8421709430404007e-13,4.803398873064685e-16,469.1899211842323,469.189921184232,"[7, 1, 3, 6, 2, 4, 1, 7, 0, 6, 7, 1, 8, 5, 9, 4, 2, 2, 7, 3, 6, 1, 6, 7, 0, 1, 5, 4, 3, 9, 5, 4, 1, 5, 0, 4, 5, 5, 1, 1, 2, 1, 0, 7, 1, 2, 4, 9, 3, 3, 3, 0, 2, 3, 5, 7, 5, 7, 7, 5, 6, 5, 5, 0, 8, 7, 6, 7, 8, 4, 6, 5, 2, 1, 9, 8, 6, 6, 2, 3, 5, 3, 1, 6, 3, 0, 8, 0, 2, 6, 9, 3, 8, 8, 5, 8, 5, 9, 9, 1, 7, 6, 6, 3]"
105,0.017863100016256794,0.00010459998156875372,4.595850002747452e+119,0.024483200017130002,0.27831540000624955,4.3261029081303925e-12,0.03477669999119826,0.005649800004903227,1.1368683772161603e-13,9.044017068655162e-16,466.62756807774866,466.6275680777488,"[1, 3, 6, 5, 8, 5, 2, 9, 5, 6, 6, 3, 5, 3, 4, 4, 1, 1, 7, 7, 8, 4, 0, 6, 1, 5, 5, 8, 0, 6, 4, 6, 2, 9, 3, 9, 3, 3, 1, 2, 1, 8, 1, 3, 0, 9, 3, 9, 3, 3, 5, 6, 4, 5, 0, 1, 6, 6, 4, 9, 3, 9, 9, 8, 8, 5, 0, 8, 6, 1, 4, 1, 0, 8, 0, 5, 7, 5, 4, 1, 9, 8, 7, 7, 9, 6, 9, 7, 5, 8, 0, 3, 7, 1, 3, 9, 1, 1, 4, 7, 7, 2, 1, 1, 5]"
106,0.017554799997014925,0.00011329998960718513,2.498326757049084e+122,0.02825549998669885,0.2509194999875035,9.305573288862836e-13,0.034702700009802356,0.006196700007421896,1.1368683772161603e-13,5.747146991877021e-16,477.79222222617153,477.79222222617165,"[1, 1, 3, 0, 7, 3, 8, 4, 0, 9, 4, 5, 0, 7, 5, 5, 2, 5, 2, 2, 5, 0, 1, 0, 5, 5, 6, 8, 3, 6, 7, 4, 4, 9, 6, 9, 2, 0, 2, 2, 1, 9, 8, 1, 1, 6, 1, 8, 6, 9, 4, 8, 5, 7, 9, 2, 0, 8, 3, 0, 4, 8, 7, 0, 4, 5, 6, 6, 1, 0, 1, 0, 9, 9, 3, 5, 9, 7, 3, 3, 7, 4, 0, 7, 7, 7, 7, 9, 0, 7, 5, 2, 3, 0, 6, 0, 5, 5, 8, 7, 6, 1, 3, 1, 3, 3]"
107,0.018015700014075264,0.00010779997683130205,6.016642215942497e+122,0.026271399983670563,0.21474850000231527,1.7733588510685733e-12,0.03546800001640804,0.006524900003569201,1.1368683772161603e-13,4.567036380160964e-16,482.2949419114818,482.29494191148194,"[8, 3, 4, 5, 9, 1, 7, 4, 7, 2, 4, 5, 6, 3, 8, 9, 3, 2, 6, 7, 9, 4, 1, 6, 3, 0, 9, 7, 0, 7, 4, 6, 8, 8, 9, 9, 6, 4, 7, 9, 9, 4, 9, 3, 8, 7, 3, 8, 4, 2, 6, 8, 9, 2, 7, 0, 0, 7, 8, 5, 6, 3, 7, 0, 3, 6, 4, 9, 9, 4, 9, 5, 5, 6, 0, 6, 4, 2, 4, 7, 7, 6, 6, 4, 5, 0, 5, 0, 2, 3, 9, 2, 3, 9, 7, 1, 9, 0, 6, 9, 1, 8, 2, 6, 7, 5, 4]"
108,0.018418099993141368,0.0002133999951183796,6.908034873858098e+124,0.027489400003105402,0.23407330000190996,1.0381122830986004e-11,0.03695239999797195,0.006667000008746982,1.1368683772161603e-13,6.025261774537219e-16,485.16603626786275,485.16603626786264,"[5, 0, 5, 4, 8, 1, 6, 6, 2, 4, 1, 1, 4, 5, 2, 7, 6, 1, 7, 2, 6, 6, 2, 1, 2, 2, 0, 0, 0, 0, 9, 4, 9, 7, 4, 2, 1, 3, 3, 5, 5, 4, 7, 3, 2, 8, 5, 9, 7, 2, 3, 6, 8, 4, 0, 1, 0, 2, 6, 9, 3, 3, 3, 5, 3, 9, 0, 9, 3, 7, 6, 7, 4, 3, 8, 4, 7, 2, 8, 2, 7, 4, 7, 1, 1, 7, 8, 2, 8, 8, 9, 5, 5, 7, 0, 3, 5, 9, 3, 8, 4, 6, 2, 3, 8, 4, 6, 1]"
109,0.019335299992235377,0.00020249999943189323,3.3145346275143065e+126,0.030144299991661683,0.22276149998651817,7.700533117293163e-12,0.035399400017922744,0.007415900006890297,2.8421709430404007e-13,5.028663855320258e-16,489.5116056933751,489.5116056933748,"[8, 3, 0, 0, 8, 9, 9, 2, 2, 9, 0, 6, 3, 1, 1, 6, 3, 2, 4, 5, 3, 8, 5, 9, 8, 3, 1, 4, 3, 6, 2, 5, 4, 4, 4, 6, 1, 3, 4, 5, 4, 1, 1, 6, 7, 0, 4, 5, 7, 1, 9, 8, 9, 8, 8, 4, 2, 4, 8, 4, 4, 9, 2, 4, 5, 9, 0, 9, 3, 0, 4, 9, 2, 1, 9, 6, 2, 3, 0, 7, 3, 5, 0, 3, 4, 6, 7, 1, 4, 4, 7, 1, 4, 5, 1, 6, 9, 3, 4, 0, 1, 4, 7, 2, 7, 8, 3, 3, 2]"
110,0.019978600001195446,0.0001236999814864248,3.9348166641495725e+128,0.029170099995099008,0.2154500000178814,1.3751007408464233e-11,0.03603660000953823,0.0071072999853640795,5.684341886080801e-13,3.9885061540178885e-16,491.4969156297043,491.4969156297037,"[5, 9, 5, 1, 2, 4, 1, 2, 5, 6, 4, 2, 7, 4, 5, 3, 9, 0, 5, 3, 7, 8, 2, 0, 1, 3, 8, 7, 4, 3, 7, 7, 6, 7, 3, 9, 4, 4, 2, 0, 9, 9, 4, 4, 8, 5, 8, 0, 4, 6, 3, 2, 4, 8, 6, 6, 7, 0, 9, 5, 9, 6, 2, 3, 6, 0, 8, 3, 9, 7, 5, 3, 1, 6, 8, 2, 9, 4, 6, 0, 0, 6, 2, 4, 4, 6, 8, 6, 7, 4, 1, 7, 2, 1, 8, 5, 0, 2, 1, 4, 2, 6, 3, 5, 1, 4, 4, 1, 7, 4]"
111,0.019931699993321672,0.0001931999868247658,9.016591876388978e+128,0.029053800011752173,0.19369680000818335,4.586633608776343e-12,0.03799599999911152,0.00701979998848401,3.410605131648481e-13,7.485005149111434e-16,501.5482005362234,501.54820053622376,"[1, 2, 7, 5, 4, 7, 8, 1, 8, 7, 8, 4, 5, 9, 9, 9, 6, 2, 6, 4, 7, 5, 8, 6, 2, 3, 9, 8, 7, 1, 6, 0, 9, 0, 0, 2, 0, 8, 3, 4, 1, 5, 3, 6, 5, 8, 5, 3, 6, 5, 4, 9, 5, 4, 5, 5, 5, 0, 7, 9, 5, 3, 8, 6, 7, 4, 0, 0, 9, 1, 4, 0, 0, 5, 1, 9, 6, 1, 2, 4, 6, 0, 3, 8, 8, 6, 7, 6, 4, 0, 5, 6, 2, 6, 2, 7, 1, 5, 7, 7, 0, 4, 7, 3, 0, 6, 8, 0, 4, 7, 3]"
112,0.02121820001048036,0.0001804000057745725,1.0490655725489927e+131,0.03011819999665022,0.2063281000009738,4.215531191709726e-12,0.038512099999934435,0.007180699991295114,1.7053025658242404e-13,5.628636387720389e-16,503.1341827820795,503.1341827820797,"[1, 3, 3, 3, 0, 7, 0, 5, 6, 5, 3, 5, 4, 2, 2, 6, 5, 5, 2, 1, 6, 8, 2, 2, 7, 5, 5, 5, 7, 8, 0, 7, 9, 7, 1, 2, 6, 6, 5, 7, 5, 6, 1, 2, 4, 7, 5, 8, 3, 3, 5, 5, 8, 9, 8, 2, 7, 9, 5, 1, 2, 5, 1, 5, 5, 0, 4, 7, 1, 1, 5, 4, 4, 7, 8, 9, 6, 6, 0, 2, 7, 6, 7, 2, 3, 7, 6, 4, 5, 7, 2, 6, 4, 8, 0, 7, 7, 1, 9, 6, 8, 7, 1, 3, 1, 7, 4, 2, 3, 3, 9, 5]"
113,0.02268610001192428,0.00012510002125054598,5.83473678756549e+131,0.03189410001505166,0.32803219999186695,1.0625230405640982e-11,0.03885939999599941,0.007845299987820908,3.410605131648481e-13,5.583977596626741e-16,509.7967233292139,509.79672332921353,"[2, 6, 5, 0, 6, 3, 8, 1, 2, 3, 6, 6, 2, 0, 4, 7, 0, 5, 3, 9, 6, 1, 7, 6, 1, 4, 8, 2, 8, 6, 2, 4, 2, 4, 9, 1, 8, 3, 7, 6, 4, 1, 3, 0, 2, 3, 2, 7, 7, 3, 9, 4, 3, 2, 2, 7, 4, 5, 9, 0, 2, 4, 2, 6, 2, 0, 1, 1, 0, 8, 4, 9, 8, 6, 8, 3, 7, 8, 3, 0, 3, 1, 0, 3, 9, 6, 4, 0, 6, 7, 3, 6, 0, 1, 5, 1, 8, 7, 0, 2, 8, 0, 0, 3, 5, 9, 3, 9, 1, 6, 3, 8, 3]"
114,0.024150699988240376,0.00014789999113418162,4.49837931174161e+133,0.041381999995792285,0.2181509000074584,1.1899701846270052e-11,0.05838699999731034,0.00861999997869134,4.547473508864641e-13,4.982493048981751e-16,513.604928180296,513.6049281802965,"[7, 5, 4, 2, 5, 5, 2, 5, 1, 6, 1, 2, 5, 1, 8, 9, 4, 7, 0, 3, 7, 6, 3, 3, 7, 1, 1, 9, 4, 4, 9, 6, 4, 2, 7, 1, 5, 6, 2, 7, 3, 9, 9, 5, 8, 3, 7, 3, 2, 8, 4, 8, 9, 6, 4, 0, 6, 6, 6, 6, 2, 4, 9, 0, 1, 6, 7, 3, 7, 1, 0, 9, 3, 2, 7, 6, 1, 5, 0, 9, 5, 0, 7, 7, 8, 0, 8, 7, 5, 9, 7, 0, 5, 1, 5, 9, 0, 6, 5, 7, 2, 2, 8, 0, 4, 4, 4, 9, 7, 5, 6, 9, 3, 6]"
115,0.027165900013642386,0.00016280001727864146,7.091823636834455e+135,0.037513599992962554,0.18755119998240843,7.798695500921324e-11,0.047851999988779426,0.008423999999649823,2.2737367544323206e-13,6.112531465858672e-16,520.7353615398758,520.7353615398756,"[4, 9, 4, 9, 4, 1, 3, 4, 7, 4, 2, 3, 3, 6, 1, 2, 2, 0, 4, 9, 4, 2, 6, 6, 8, 8, 0, 3, 8, 6, 6, 9, 6, 9, 0, 2, 9, 1, 9, 6, 5, 5, 1, 0, 0, 4, 3, 1, 2, 3, 5, 7, 4, 8, 2, 4, 5, 4, 2, 7, 4, 6, 3, 5, 4, 8, 3, 1, 7, 8, 9, 3, 3, 6, 2, 6, 9, 6, 4, 4, 3, 4, 3, 0, 0, 8, 8, 5, 8, 9, 9, 1, 7, 3, 5, 3, 7, 1, 6, 0, 5, 0, 1, 3, 7, 9, 2, 8, 8, 8, 7, 8, 5, 2, 9]"
116,0.02301400000578724,0.00012390001211315393,3.448934923195658e+135,0.03447579999919981,0.23523069999646395,2.7257707096795385e-11,0.04304639998008497,0.00845689998823218,2.2737367544323206e-13,6.884557787641112e-16,519.2451842570841,519.2451842570839,"[6, 1, 5, 8, 2, 7, 6, 7, 7, 5, 7, 3, 8, 2, 0, 4, 9, 6, 7, 0, 3, 7, 9, 1, 5, 4, 2, 7, 9, 4, 6, 9, 8, 1, 3, 5, 3, 4, 5, 1, 2, 9, 9, 8, 4, 8, 6, 5, 7, 6, 1, 1, 7, 4, 6, 6, 7, 5, 0, 3, 5, 6, 9, 2, 4, 2, 2, 8, 8, 2, 2, 8, 9, 9, 1, 6, 1, 7, 2, 8, 6, 6, 5, 4, 4, 9, 4, 6, 9, 1, 7, 3, 6, 6, 5, 2, 4, 5, 1, 2, 2, 7, 5, 9, 4, 4, 2, 8, 8, 5, 6, 8, 2, 1, 7, 4]"
117,0.023190700012492016,0.00016799999866634607,4.047038016877939e+138,0.03381890000309795,0.25531879998743534,1.7848149354239527e-12,0.041417700005695224,0.008852800005115569,1.1368683772161603e-13,5.787220553330764e-16,530.8297192860605,530.8297192860604,"[4, 7, 3, 7, 3, 3, 4, 1, 6, 7, 9, 1, 2, 7, 3, 4, 0, 1, 0, 2, 8, 1, 6, 4, 6, 9, 2, 0, 2, 7, 8, 5, 9, 7, 5, 4, 9, 4, 8, 8, 0, 8, 3, 4, 5, 9, 9, 0, 5, 9, 3, 8, 7, 1, 0, 2, 9, 3, 5, 5, 6, 9, 4, 4, 1, 2, 8, 4, 4, 8, 3, 3, 0, 5, 3, 4, 1, 6, 9, 2, 4, 7, 2, 1, 3, 4, 9, 9, 3, 9, 0, 3, 7, 0, 7, 0, 0, 6, 3, 7, 0, 4, 1, 7, 7, 1, 7, 0, 8, 6, 9, 1, 6, 6, 3, 2, 5]"
118,0.024480199994286522,0.0001309000072069466,1.056185704145243e+140,0.03653139999369159,0.23940029999357648,5.543277598393205e-09,0.04360100001213141,0.009388000005856156,5.684341886080801e-13,6.936117791011997e-16,532.9906800574258,532.9906800574253,"[9, 2, 2, 5, 7, 1, 3, 3, 8, 9, 7, 6, 2, 9, 2, 0, 7, 7, 3, 0, 1, 7, 1, 0, 3, 8, 8, 7, 9, 5, 6, 4, 7, 0, 0, 9, 5, 9, 1, 9, 2, 9, 4, 0, 2, 2, 4, 4, 9, 1, 5, 3, 7, 6, 7, 5, 5, 7, 4, 2, 2, 5, 7, 3, 7, 1, 2, 4, 5, 1, 4, 9, 4, 7, 3, 6, 5, 6, 8, 1, 6, 2, 7, 8, 8, 3, 1, 0, 6, 6, 7, 5, 2, 5, 3, 9, 8, 3, 7, 4, 7, 8, 3, 2, 1, 0, 2, 8, 9, 4, 6, 4, 4, 2, 2, 5, 7, 7]"
119,0.025461699988227338,0.00013119998038746417,5.254636946971632e+140,0.03606260000378825,0.2070442000112962,2.3188853739455717e-11,0.04521270000259392,0.009259699989343062,1.1368683772161603e-13,6.41538174324453e-16,532.000069252808,532.0000692528081,"[9, 4, 5, 1, 1, 1, 6, 4, 6, 6, 2, 7, 7, 6, 3, 7, 1, 3, 0, 5, 1, 4, 2, 8, 2, 2, 8, 8, 5, 4, 8, 3, 0, 2, 9, 9, 0, 6, 2, 5, 3, 5, 4, 0, 8, 7, 8, 9, 6, 5, 2, 1, 7, 5, 9, 7, 5, 0, 7, 9, 0, 1, 2, 1, 8, 9, 5, 2, 2, 1, 9, 3, 3, 2, 8, 5, 5, 8, 4, 9, 0, 7, 7, 2, 8, 0, 6, 6, 2, 9, 6, 4, 9, 2, 1, 4, 0, 3, 2, 6, 1, 7, 5, 8, 7, 9, 4, 6, 2, 9, 4, 9, 9, 4, 7, 1, 4, 9, 2]"
120,0.02566899999510497,0.0001613000058569014,5.511265674920049e+142,0.03500279999570921,0.3287941000016872,1.1971515898234309e-12,0.04435049998573959,0.009064899990335107,9.094947017729282e-13,5.076311914756738e-16,538.749710170143,538.7497101701421,"[3, 3, 1, 1, 4, 0, 3, 7, 7, 1, 6, 2, 4, 5, 4, 1, 9, 5, 7, 6, 6, 0, 4, 8, 2, 5, 3, 5, 4, 8, 0, 2, 4, 8, 3, 8, 5, 1, 0, 6, 1, 7, 6, 7, 5, 0, 8, 3, 8, 6, 1, 2, 5, 1, 8, 1, 9, 6, 5, 7, 3, 0, 6, 8, 4, 9, 0, 7, 2, 4, 2, 7, 9, 0, 2, 6, 2, 9, 5, 9, 5, 1, 3, 9, 4, 2, 9, 6, 2, 3, 9, 6, 5, 2, 5, 5, 9, 5, 8, 9, 2, 5, 1, 7, 0, 1, 8, 8, 2, 7, 9, 2, 8, 5, 8, 2, 1, 2, 7, 6]"
121,0.029540899995481595,0.00015070001245476305,1.2034279689816777e+144,0.04820260000997223,0.229199499997776,2.268395374798597e-12,0.05646659998456016,0.00959500001044944,5.684341886080801e-13,5.110343437176303e-16,543.0563770075997,543.0563770075992,"[7, 8, 4, 7, 4, 3, 9, 7, 5, 0, 7, 8, 8, 1, 4, 5, 7, 2, 6, 7, 4, 7, 1, 6, 9, 9, 0, 4, 8, 6, 3, 3, 0, 0, 5, 2, 1, 4, 9, 7, 7, 9, 0, 9, 3, 7, 0, 4, 6, 8, 6, 3, 8, 2, 7, 7, 9, 5, 4, 6, 3, 2, 6, 3, 3, 1, 0, 5, 7, 6, 3, 8, 3, 1, 7, 5, 5, 1, 1, 9, 4, 7, 4, 7, 5, 1, 3, 9, 4, 8, 4, 3, 7, 8, 9, 5, 1, 9, 3, 7, 1, 6, 0, 2, 0, 6, 9, 6, 7, 6, 6, 7, 2, 5, 8, 6, 5, 3, 3, 4, 6]"
122,0.02534429999650456,0.00016429999959655106,4.704496405404181e+146,0.036880900006508455,0.21078679998754524,5.815369259893688e-09,0.04500660000485368,0.010055499995360151,2.2737367544323206e-13,6.617827962055658e-16,549.6248725711832,549.6248725711835,"[9, 6, 0, 8, 4, 9, 5, 8, 2, 4, 4, 2, 7, 8, 7, 4, 3, 1, 3, 4, 5, 6, 5, 8, 3, 1, 5, 1, 8, 7, 1, 6, 4, 9, 4, 3, 5, 7, 7, 9, 7, 2, 1, 9, 4, 6, 2, 4, 1, 7, 4, 7, 3, 8, 6, 7, 1, 4, 2, 0, 1, 5, 3, 7, 9, 9, 7, 9, 9, 1, 9, 0, 6, 5, 5, 1, 2, 3, 5, 9, 8, 8, 7, 1, 8, 0, 7, 2, 6, 3, 3, 0, 3, 3, 8, 7, 5, 6, 4, 2, 4, 0, 5, 7, 0, 2, 0, 0, 9, 6, 1, 6, 5, 2, 9, 4, 6, 0, 8, 0, 4, 1]"
123,0.028364699974190444,0.00012730000889860094,1.951092843947495e+144,0.040458699979353696,0.2580675999925006,3.6261028782247637e-12,0.04642769999918528,0.010308199998689815,6.821210263296962e-13,4.52041112178401e-16,557.001782037197,557.0017820371977,"[8, 9, 0, 6, 3, 2, 0, 7, 7, 3, 5, 8, 8, 8, 6, 0, 6, 6, 4, 1, 6, 9, 1, 2, 4, 6, 0, 9, 3, 1, 3, 8, 9, 8, 4, 0, 8, 7, 9, 6, 7, 5, 4, 5, 5, 6, 5, 4, 9, 0, 0, 0, 5, 3, 3, 8, 8, 1, 3, 9, 0, 3, 5, 4, 3, 5, 8, 1, 8, 6, 7, 9, 1, 8, 8, 2, 8, 4, 4, 9, 2, 7, 6, 7, 4, 8, 2, 0, 0, 7, 2, 5, 2, 0, 3, 7, 5, 8, 6, 8, 5, 1, 4, 2, 0, 5, 7, 7, 8, 5, 9, 0, 0, 4, 8, 5, 6, 9, 9, 9, 3, 3, 4]"
124,0.02852520000305958,0.00014150000060908496,1.66276814784031e+149,0.038977199990767986,0.3383373000251595,2.199290203906606e-11,0.047706699988339096,0.010952999989967793,5.684341886080801e-13,6.598884454405563e-16,555.8430424398022,555.8430424398027,"[8, 2, 6, 6, 4, 4, 8, 3, 3, 1, 4, 5, 7, 2, 3, 6, 5, 2, 6, 3, 0, 3, 6, 3, 9, 8, 7, 4, 8, 3, 9, 1, 8, 7, 3, 3, 8, 5, 8, 8, 0, 7, 0, 3, 2, 3, 9, 2, 7, 2, 1, 7, 3, 4, 3, 3, 2, 6, 7, 6, 2, 5, 1, 8, 8, 6, 3, 5, 0, 5, 1, 3, 1, 3, 5, 9, 6, 4, 6, 8, 7, 4, 9, 9, 6, 5, 6, 9, 1, 3, 1, 9, 4, 6, 1, 3, 3, 5, 4, 6, 6, 7, 9, 3, 1, 0, 5, 4, 1, 8, 7, 3, 7, 9, 3, 3, 9, 6, 0, 0, 4, 2, 0, 0]"
125,0.02813410002272576,0.00017789998673833907,1.3386057783754975e+149,0.040085500018903986,0.33377379999728873,7.864232451064596e-11,0.04874019999988377,0.010460799996508285,3.410605131648481e-13,5.329865540490841e-16,563.2830997074883,563.2830997074886,"[0, 0, 7, 9, 4, 2, 0, 2, 6, 6, 7, 0, 5, 5, 9, 9, 1, 9, 8, 4, 7, 1, 4, 7, 3, 2, 4, 2, 2, 1, 7, 4, 1, 9, 4, 9, 8, 8, 5, 8, 7, 7, 2, 5, 3, 0, 7, 2, 1, 9, 4, 0, 2, 3, 9, 0, 6, 2, 2, 2, 5, 4, 2, 7, 2, 6, 5, 5, 4, 4, 3, 4, 8, 5, 2, 9, 2, 2, 7, 5, 4, 1, 5, 0, 4, 9, 3, 3, 2, 7, 2, 6, 3, 4, 3, 7, 6, 2, 6, 7, 3, 2, 2, 0, 8, 6, 9, 0, 0, 3, 1, 0, 4, 5, 2, 0, 7, 6, 7, 7, 1, 6, 3, 1, 2]"
126,0.027797100017778575,0.00019729998894035816,6.07303464539169e+152,0.04122690000804141,0.23728709999704733,9.5535743666595e-10,0.04810960000031628,0.01086159999249503,3.410605131648481e-13,5.136656523275148e-16,566.9044499255123,566.9044499255126,"[1, 9, 7, 0, 6, 1, 4, 1, 7, 7, 7, 1, 3, 1, 2, 1, 1, 4, 7, 6, 1, 2, 7, 3, 0, 1, 3, 9, 5, 4, 3, 6, 9, 1, 3, 0, 6, 3, 0, 9, 3, 1, 5, 3, 1, 7, 1, 8, 8, 7, 6, 9, 8, 2, 7, 8, 8, 1, 2, 8, 5, 3, 5, 7, 9, 2, 4, 2, 1, 2, 4, 7, 2, 1, 9, 8, 7, 1, 6, 0, 2, 9, 1, 1, 2, 8, 4, 5, 3, 9, 8, 9, 0, 7, 5, 4, 6, 0, 5, 3, 2, 1, 6, 1, 7, 3, 6, 6, 3, 0, 9, 3, 2, 9, 8, 4, 2, 8, 4, 1, 7, 8, 2, 3, 3, 6]"
127,0.02956980001181364,0.00017410001601092517,1.0924941153853373e+154,0.04171719998703338,0.3461742000072263,1.386389374279988e-10,0.05076089999056421,0.010676900012185797,1.2505552149377763e-12,7.184352615899217e-16,575.1384668191619,575.1384668191631,"[6, 2, 3, 8, 9, 4, 0, 0, 5, 2, 4, 0, 2, 7, 2, 7, 6, 4, 1, 3, 0, 4, 9, 6, 0, 9, 3, 5, 7, 5, 5, 5, 8, 7, 3, 2, 7, 0, 9, 4, 2, 6, 2, 3, 4, 9, 5, 0, 1, 1, 8, 2, 4, 2, 0, 5, 6, 3, 6, 4, 5, 8, 3, 6, 4, 7, 5, 3, 2, 7, 3, 9, 5, 5, 1, 5, 4, 2, 0, 9, 2, 8, 7, 3, 3, 3, 7, 2, 8, 8, 1, 1, 6, 9, 3, 7, 6, 8, 2, 5, 4, 5, 4, 5, 7, 2, 9, 5, 7, 8, 8, 5, 3, 5, 8, 4, 3, 8, 2, 5, 2, 0, 8, 6, 8, 8, 2]"
128,0.02957439998863265,0.00018080000882036984,2.0078977988834934e+154,0.043170100019779056,0.24428109999280423,7.118426438219378e-12,0.04920400000992231,0.013149499980499968,3.410605131648481e-13,6.140823097199762e-16,571.9410859275728,571.9410859275731,"[9, 1, 1, 9, 0, 1, 0, 6, 1, 9, 8, 9, 6, 2, 0, 9, 8, 3, 5, 0, 3, 6, 4, 7, 6, 7, 9, 4, 3, 1, 1, 7, 6, 8, 8, 3, 4, 0, 5, 8, 2, 9, 6, 6, 8, 1, 2, 4, 0, 1, 2, 1, 0, 8, 5, 9, 0, 3, 9, 9, 8, 3, 0, 5, 3, 8, 7, 8, 4, 5, 0, 2, 6, 4, 2, 2, 1, 4, 0, 3, 5, 3, 3, 4, 4, 8, 6, 7, 9, 0, 1, 7, 3, 3, 7, 2, 4, 3, 1, 3, 2, 0, 6, 5, 2, 0, 9, 2, 2, 3, 2, 3, 7, 1, 6, 7, 3, 7, 1, 0, 5, 2, 3, 1, 4, 8, 6, 9]"
129,0.030099299998255447,0.0001385000068694353,3.0435724000969695e+156,0.04292780000832863,0.36175789998378605,3.366870727396759e-12,0.0512250000028871,0.01475830000708811,3.410605131648481e-13,6.060320456829373e-16,577.8512702631522,577.8512702631518,"[2, 0, 0, 3, 0, 0, 4, 9, 0, 7, 6, 6, 2, 0, 9, 1, 9, 2, 1, 9, 3, 4, 0, 2, 3, 1, 5, 6, 7, 7, 7, 3, 3, 5, 2, 6, 6, 1, 5, 0, 1, 6, 1, 8, 3, 2, 1, 7, 9, 1, 1, 7, 6, 3, 1, 5, 6, 8, 0, 5, 4, 5, 2, 8, 6, 1, 2, 1, 6, 5, 7, 2, 2, 3, 2, 2, 4, 6, 0, 4, 1, 6, 5, 9, 1, 5, 0, 1, 6, 1, 5, 6, 5, 0, 9, 9, 5, 2, 4, 3, 5, 7, 6, 6, 5, 8, 9, 0, 6, 4, 8, 6, 2, 8, 0, 3, 2, 1, 2, 4, 6, 8, 1, 0, 5, 3, 8, 3, 7]"
130,0.03516780000063591,0.00014170000213198364,1.3863673399560645e+158,0.04946219999692403,0.334163699997589,1.4065927571090527e-12,0.053699999989476055,0.009758200001670048,3.410605131648481e-13,6.382273758135891e-16,586.1537707632439,586.1537707632442,"[7, 3, 8, 6, 1, 6, 4, 1, 4, 9, 7, 3, 8, 8, 7, 0, 4, 1, 5, 5, 6, 5, 7, 7, 9, 6, 0, 6, 1, 4, 6, 7, 0, 7, 0, 8, 2, 0, 1, 1, 0, 7, 4, 7, 1, 2, 8, 7, 7, 5, 4, 2, 5, 7, 9, 3, 7, 3, 7, 7, 0, 2, 8, 4, 9, 9, 9, 0, 1, 8, 7, 4, 1, 6, 8, 5, 4, 2, 9, 5, 1, 6, 3, 9, 6, 3, 8, 1, 6, 7, 4, 4, 5, 5, 9, 8, 4, 4, 3, 5, 0, 1, 7, 0, 2, 1, 1, 3, 1, 9, 2, 1, 3, 7, 1, 6, 2, 7, 5, 6, 2, 8, 3, 8, 8, 6, 9, 0, 8, 2]"
131,0.032776600011857226,0.0001396999869029969,6.898585336114065e+158,0.046413600008236244,0.30282539999461733,6.502560084029522e-12,0.05435079999733716,0.010703700012527406,3.410605131648481e-13,6.440848624374048e-16,593.5280009401679,593.5280009401682,"[8, 8, 3, 8, 1, 3, 3, 6, 3, 6, 4, 4, 6, 2, 1, 0, 5, 4, 9, 7, 4, 1, 4, 3, 4, 1, 5, 0, 4, 5, 8, 4, 7, 7, 9, 1, 7, 7, 0, 2, 4, 2, 7, 7, 3, 6, 6, 5, 6, 3, 1, 8, 2, 3, 8, 4, 2, 8, 8, 4, 2, 6, 8, 1, 0, 9, 4, 3, 5, 5, 3, 3, 7, 4, 5, 0, 4, 5, 2, 7, 8, 8, 1, 1, 8, 7, 0, 5, 9, 3, 9, 8, 5, 7, 8, 0, 9, 9, 1, 4, 7, 2, 4, 2, 7, 7, 0, 3, 3, 3, 0, 5, 4, 4, 8, 5, 9, 3, 0, 1, 2, 9, 0, 2, 6, 9, 9, 7, 8, 1, 7]"
132,0.03423839999595657,0.00013569998554885387,3.3537968968568094e+160,0.047890599991660565,0.33021840002038516,2.6251694084274914e-11,0.05387289999634959,0.009733899991260841,4.547473508864641e-13,5.525032997054197e-16,590.3094645492201,590.3094645492197,"[1, 0, 9, 2, 0, 0, 0, 7, 5, 1, 0, 2, 4, 2, 2, 7, 2, 5, 0, 1, 1, 7, 5, 9, 3, 5, 7, 2, 7, 5, 8, 5, 2, 8, 3, 9, 2, 8, 6, 7, 2, 0, 1, 1, 6, 7, 7, 8, 0, 2, 3, 8, 0, 1, 6, 7, 1, 4, 6, 7, 5, 8, 0, 1, 4, 0, 9, 1, 4, 8, 1, 6, 0, 9, 4, 0, 0, 4, 7, 3, 6, 0, 1, 2, 5, 7, 5, 3, 4, 7, 2, 4, 9, 2, 3, 4, 7, 3, 9, 7, 5, 7, 1, 9, 5, 7, 7, 4, 0, 9, 7, 7, 4, 5, 8, 0, 6, 3, 5, 2, 6, 7, 8, 2, 6, 7, 2, 6, 3, 7, 5, 2]"
133,0.03426839999156073,0.00014650000957772136,4.269904144601239e+161,0.049012100003892556,0.22893359998124652,1.3387407903266355e-11,0.05918320000637323,0.010754100017948076,5.684341886080801e-13,6.079358159607892e-16,599.7478094474935,599.7478094474941,"[6, 8, 9, 4, 1, 2, 8, 9, 3, 0, 3, 6, 2, 4, 7, 9, 8, 4, 9, 3, 8, 2, 8, 1, 5, 3, 3, 4, 6, 8, 8, 0, 3, 5, 8, 0, 6, 1, 5, 2, 6, 3, 9, 2, 8, 5, 8, 1, 7, 1, 0, 0, 7, 0, 4, 7, 7, 8, 1, 8, 2, 0, 7, 4, 9, 4, 8, 7, 2, 6, 6, 7, 6, 4, 9, 8, 7, 1, 8, 2, 5, 8, 9, 7, 0, 8, 3, 8, 2, 3, 1, 3, 3, 3, 5, 4, 9, 8, 2, 4, 8, 1, 9, 4, 7, 0, 6, 5, 1, 7, 1, 4, 8, 3, 6, 3, 7, 1, 8, 3, 9, 3, 2, 2, 1, 3, 4, 9, 5, 7, 9, 0, 1]"
134,0.0344889999832958,0.00018580001778900623,6.863040271929616e+163,0.048696600017137825,0.3271422999969218,1.764573928523449e-09,0.058284099999582395,0.00993559998460114,0.0,6.512217546689217e-16,601.6500492257942,601.6500492257942,"[9, 3, 1, 3, 8, 7, 1, 4, 8, 1, 7, 5, 3, 9, 5, 6, 2, 9, 9, 6, 0, 7, 4, 1, 7, 2, 4, 0, 1, 5, 3, 4, 6, 3, 4, 8, 9, 2, 6, 0, 0, 3, 1, 6, 4, 9, 6, 6, 9, 1, 4, 0, 9, 5, 6, 2, 2, 0, 7, 9, 3, 3, 2, 9, 7, 2, 2, 9, 6, 6, 3, 8, 5, 5, 1, 3, 9, 8, 2, 3, 1, 9, 5, 8, 9, 5, 2, 2, 7, 9, 1, 5, 7, 5, 2, 2, 8, 4, 5, 8, 1, 3, 0, 0, 5, 4, 8, 3, 6, 0, 0, 3, 4, 3, 7, 7, 4, 9, 2, 9, 4, 4, 3, 4, 0, 3, 0, 7, 1, 6, 3, 6, 5, 7]"
135,0.03365860000485554,0.0001407999952789396,1.0892292069757317e+164,0.04954629999701865,0.3626149999909103,5.734624810793184e-10,0.05519240000285208,0.011893899994902313,3.410605131648481e-13,5.825365706983819e-16,609.9345238373885,609.9345238373882,"[2, 3, 8, 3, 7, 2, 8, 0, 3, 0, 6, 2, 1, 2, 3, 0, 4, 1, 1, 4, 0, 7, 5, 7, 6, 3, 1, 0, 2, 9, 6, 3, 0, 6, 5, 2, 4, 6, 1, 7, 4, 2, 8, 8, 5, 0, 0, 8, 1, 4, 3, 5, 7, 6, 6, 0, 7, 1, 8, 5, 4, 1, 5, 4, 7, 2, 5, 5, 1, 0, 0, 8, 2, 9, 9, 7, 9, 3, 8, 1, 1, 5, 2, 0, 9, 3, 8, 6, 9, 4, 9, 9, 3, 9, 3, 5, 1, 6, 3, 0, 5, 3, 4, 1, 8, 9, 9, 4, 2, 9, 3, 0, 5, 0, 2, 3, 9, 4, 8, 6, 5, 3, 8, 9, 8, 0, 1, 6, 3, 0, 5, 2, 7, 6, 6]"
136,0.04087900000740774,0.0001941000227816403,1.7995655178172786e+165,0.05988079999224283,0.25276469998061657,2.2936953845210277e-11,0.06313809999846853,0.011161100002937019,0.0,5.889482005950448e-16,610.6987399549099,610.6987399549099,"[6, 0, 4, 7, 4, 0, 9, 9, 1, 9, 9, 1, 6, 6, 8, 8, 0, 1, 0, 9, 2, 6, 3, 8, 3, 8, 4, 1, 4, 9, 8, 2, 6, 9, 8, 0, 9, 5, 7, 1, 8, 1, 5, 7, 9, 7, 5, 2, 8, 8, 5, 5, 4, 2, 2, 9, 5, 6, 8, 1, 3, 4, 7, 5, 4, 8, 6, 3, 6, 0, 2, 5, 9, 7, 9, 6, 8, 8, 5, 5, 7, 7, 1, 3, 4, 8, 9, 5, 2, 3, 4, 1, 9, 4, 5, 3, 6, 6, 4, 1, 1, 9, 0, 8, 2, 0, 8, 2, 8, 9, 2, 6, 2, 3, 1, 7, 3, 0, 5, 6, 8, 4, 7, 5, 4, 3, 5, 3, 4, 1, 0, 6, 0, 2, 5, 8]"
137,0.03670380002586171,0.00015559999155811965,2.270043926795428e+168,0.0647585000260733,0.19852989999344572,1.5141100921531137e-10,0.072190100006992,0.011785599985159934,1.1368683772161603e-12,4.9592464538299565e-16,615.1318530725057,615.1318530725046,"[7, 6, 5, 6, 8, 8, 7, 5, 5, 1, 0, 2, 2, 9, 6, 8, 5, 9, 0, 6, 0, 0, 0, 0, 7, 4, 0, 5, 8, 5, 5, 1, 5, 2, 4, 1, 1, 2, 4, 5, 9, 0, 9, 1, 6, 7, 6, 7, 7, 1, 3, 8, 9, 4, 7, 9, 9, 6, 7, 8, 7, 3, 1, 4, 9, 6, 7, 9, 9, 2, 5, 0, 1, 1, 1, 7, 9, 5, 0, 7, 7, 1, 9, 1, 8, 6, 5, 3, 9, 0, 2, 5, 4, 2, 7, 7, 7, 0, 1, 5, 4, 5, 4, 3, 8, 1, 1, 2, 7, 2, 0, 9, 8, 4, 9, 4, 1, 7, 2, 4, 8, 5, 7, 4, 8, 6, 5, 5, 2, 7, 6, 7, 6, 1, 4, 0, 3]"
138,0.041419100016355515,0.00016549997963011265,1.213196241213628e+170,0.05747890000930056,0.24227099999552593,1.2152740387271636e-10,0.07846759998938069,0.011790000018663704,7.958078640513122e-13,8.872021011421599e-16,626.0242028056394,626.0242028056387,"[9, 9, 6, 5, 4, 2, 1, 9, 6, 5, 8, 2, 2, 5, 5, 4, 2, 4, 3, 6, 5, 8, 1, 3, 6, 4, 4, 7, 1, 1, 2, 9, 7, 9, 6, 8, 7, 8, 8, 8, 3, 6, 1, 3, 1, 0, 4, 4, 0, 3, 9, 7, 4, 7, 5, 2, 1, 4, 2, 2, 2, 4, 2, 2, 1, 8, 6, 6, 5, 0, 0, 1, 7, 3, 0, 4, 8, 1, 7, 5, 9, 6, 9, 9, 8, 1, 1, 0, 6, 0, 9, 1, 8, 7, 4, 4, 3, 9, 2, 0, 0, 6, 0, 5, 5, 2, 7, 4, 7, 3, 1, 8, 0, 5, 8, 3, 8, 1, 1, 8, 5, 4, 7, 3, 1, 4, 9, 8, 9, 6, 2, 6, 9, 9, 9, 2, 3, 9]"
139,0.04161500002373941,0.00019450002582743764,6.591461247602373e+170,0.06292120000580326,0.3772515999735333,7.45100048894169e-11,0.06107480000355281,0.011892100010300055,1.1368683772161603e-13,6.442343541099382e-16,627.078483801982,627.0784838019821,"[2, 8, 7, 0, 3, 0, 3, 9, 9, 8, 2, 1, 9, 2, 0, 8, 1, 3, 4, 9, 8, 7, 0, 2, 7, 7, 6, 1, 6, 1, 7, 8, 6, 1, 6, 1, 9, 0, 3, 2, 9, 1, 5, 8, 5, 8, 4, 7, 7, 1, 5, 5, 7, 5, 8, 6, 8, 0, 8, 1, 1, 0, 9, 6, 5, 0, 2, 4, 8, 6, 7, 1, 5, 6, 4, 4, 7, 5, 8, 3, 6, 9, 6, 2, 5, 6, 5, 9, 9, 1, 5, 3, 3, 0, 2, 5, 0, 1, 9, 5, 4, 0, 9, 3, 1, 1, 2, 3, 3, 2, 9, 8, 3, 6, 4, 4, 7, 6, 9, 6, 4, 0, 0, 5, 2, 2, 5, 7, 9, 4, 0, 3, 5, 4, 1, 3, 1, 0, 6]"
140,0.05012699999497272,0.00030780001543462276,4.308110196618658e+173,0.06829510000534356,0.23134589998517185,1.3932357520074193e-08,0.06612680002581328,0.012570599996251985,3.410605131648481e-13,5.785556363345721e-16,629.9190392578358,629.9190392578355,"[7, 9, 4, 5, 0, 4, 4, 5, 8, 3, 3, 9, 1, 1, 7, 3, 5, 1, 9, 7, 4, 7, 3, 9, 5, 3, 4, 4, 6, 4, 3, 6, 0, 7, 5, 1, 6, 5, 8, 2, 4, 5, 3, 0, 0, 8, 5, 0, 3, 8, 8, 1, 2, 0, 1, 8, 3, 7, 6, 1, 3, 8, 0, 7, 7, 9, 9, 5, 1, 0, 1, 4, 4, 9, 7, 7, 7, 7, 8, 2, 9, 7, 4, 9, 3, 7, 4, 2, 2, 9, 9, 7, 5, 8, 6, 6, 6, 3, 1, 0, 4, 8, 0, 8, 3, 4, 5, 8, 7, 1, 1, 8, 3, 2, 7, 4, 8, 5, 8, 5, 2, 9, 9, 3, 0, 1, 8, 3, 5, 9, 9, 7, 0, 3, 0, 5, 4, 0, 6, 7]"
141,0.04183909998391755,0.0008558000263292342,1.6496744551379922e+174,0.05888979998417199,0.3393170000053942,2.3668279008823228e-11,0.06993290001992136,0.013800200016703457,1.1368683772161603e-13,5.0895734351719815e-16,632.3708670339715,632.3708670339716,"[3, 7, 6, 5, 3, 7, 9, 6, 1, 0, 2, 3, 5, 1, 7, 1, 7, 7, 6, 5, 5, 7, 8, 1, 5, 5, 1, 4, 3, 5, 1, 4, 3, 1, 1, 3, 0, 0, 4, 8, 0, 0, 8, 6, 6, 8, 0, 1, 9, 5, 1, 6, 9, 3, 4, 0, 1, 5, 4, 1, 9, 4, 8, 0, 6, 5, 4, 6, 0, 5, 9, 3, 8, 2, 1, 3, 9, 2, 1, 7, 6, 7, 2, 4, 4, 2, 4, 8, 6, 8, 4, 4, 4, 6, 5, 9, 9, 9, 8, 8, 8, 1, 3, 8, 2, 1, 1, 1, 8, 2, 2, 4, 2, 6, 6, 0, 1, 2, 2, 6, 1, 2, 3, 7, 5, 1, 9, 7, 3, 4, 1, 4, 1, 9, 2, 4, 6, 0, 9, 3, 9]"
142,0.041905200021574274,0.0004260999849066138,1.1694090544650224e+175,0.06008209998253733,0.2561056000122335,2.23438652298845e-11,0.06486119999317452,0.012746499996865168,5.684341886080801e-13,5.125396027766235e-16,640.4122538841772,640.4122538841777,"[9, 1, 4, 2, 3, 9, 7, 8, 8, 9, 3, 7, 8, 2, 8, 5, 8, 8, 0, 4, 7, 4, 7, 9, 2, 3, 2, 8, 9, 3, 9, 6, 5, 4, 2, 0, 1, 3, 5, 2, 0, 0, 2, 4, 8, 7, 2, 2, 4, 9, 1, 6, 1, 3, 3, 0, 5, 1, 9, 8, 6, 2, 4, 6, 7, 8, 9, 6, 9, 4, 4, 0, 2, 7, 9, 0, 3, 2, 8, 9, 4, 8, 5, 9, 1, 3, 8, 7, 9, 3, 3, 8, 0, 2, 6, 9, 9, 8, 8, 0, 3, 9, 8, 6, 1, 9, 9, 7, 0, 6, 8, 5, 8, 3, 7, 0, 5, 6, 5, 2, 7, 9, 6, 4, 5, 1, 0, 4, 1, 2, 6, 9, 2, 9, 0, 8, 6, 5, 8, 4, 8, 2]"
143,0.04643919999944046,0.000507800024934113,3.2554221034853554e+179,0.06206629998632707,0.39247619998059236,2.2496775802134323e-11,0.06406500001321547,0.01492710001184605,3.410605131648481e-13,6.126693612064115e-16,646.0458365636632,646.0458365636629,"[1, 1, 1, 1, 8, 5, 9, 4, 9, 0, 6, 0, 6, 9, 8, 0, 4, 9, 6, 1, 3, 5, 9, 0, 5, 8, 3, 7, 7, 7, 2, 1, 5, 9, 2, 7, 6, 7, 6, 6, 9, 2, 9, 9, 5, 6, 9, 9, 5, 9, 1, 7, 5, 0, 2, 0, 1, 4, 8, 2, 5, 3, 0, 1, 1, 8, 0, 5, 9, 3, 7, 5, 9, 2, 3, 4, 9, 1, 4, 9, 0, 5, 0, 3, 5, 2, 3, 8, 7, 4, 8, 4, 3, 9, 6, 5, 4, 3, 1, 2, 2, 9, 7, 6, 8, 7, 1, 0, 4, 9, 2, 1, 8, 6, 6, 7, 3, 8, 2, 3, 7, 4, 8, 7, 2, 9, 7, 9, 8, 0, 4, 5, 5, 8, 8, 4, 1, 6, 1, 7, 3, 9, 7]"
144,0.04820079999626614,0.00038059998769313097,4.513997477637454e+179,0.08693220000714064,0.19717470000614412,1.4381279582922528e-09,0.08394440001575276,0.013087300001643598,5.684341886080801e-13,5.909070137656227e-16,648.5537005645298,648.5537005645303,"[6, 1, 9, 9, 3, 3, 0, 6, 8, 0, 6, 2, 9, 2, 9, 3, 2, 9, 3, 3, 8, 6, 1, 1, 3, 4, 1, 4, 9, 4, 7, 3, 3, 8, 1, 2, 2, 2, 3, 7, 3, 1, 7, 7, 6, 6, 9, 2, 6, 5, 6, 2, 7, 9, 1, 5, 8, 2, 4, 8, 6, 0, 7, 0, 1, 2, 6, 2, 9, 6, 9, 5, 4, 9, 8, 5, 1, 3, 1, 2, 0, 5, 6, 7, 3, 8, 8, 4, 1, 0, 7, 6, 6, 4, 4, 5, 9, 5, 1, 3, 4, 7, 5, 5, 1, 0, 5, 3, 3, 3, 1, 5, 7, 4, 3, 4, 9, 8, 6, 8, 7, 1, 9, 5, 2, 9, 2, 2, 0, 0, 0, 0, 2, 3, 7, 0, 4, 6, 7, 6, 6, 2, 1, 4]"
145,0.049396200018236414,0.000388599990401417,5.225309898203772e+182,0.17040790000464767,0.32470609998563305,3.907234968661494e-10,0.09336790000088513,0.01427680000779219,3.410605131648481e-13,7.141332153553285e-16,652.4093607574304,652.40936075743,"[6, 3, 6, 0, 4, 7, 1, 4, 4, 5, 3, 4, 3, 0, 6, 6, 5, 1, 4, 2, 9, 3, 0, 0, 0, 6, 0, 4, 5, 6, 9, 2, 6, 7, 9, 6, 3, 2, 5, 8, 0, 2, 6, 5, 0, 3, 3, 8, 7, 7, 6, 6, 1, 8, 2, 1, 0, 1, 3, 0, 6, 9, 1, 6, 5, 4, 9, 1, 3, 7, 9, 7, 3, 6, 1, 8, 0, 2, 2, 4, 2, 3, 8, 8, 8, 5, 9, 9, 1, 1, 4, 8, 5, 6, 5, 3, 7, 1, 6, 2, 1, 5, 7, 6, 4, 6, 6, 7, 9, 5, 8, 6, 7, 3, 7, 6, 5, 6, 5, 7, 6, 5, 6, 6, 8, 0, 0, 0, 1, 0, 2, 9, 8, 7, 4, 6, 7, 9, 8, 3, 7, 9, 8, 1, 7]"
146,0.04600240002037026,0.00034070000401698053,3.5206046154724675e+181,0.07660349999787286,0.2819864999910351,1.3362544398345427e-11,0.07584900001529604,0.018398999993223697,4.547473508864641e-13,5.861620100950614e-16,655.5677527363754,655.5677527363758,"[0, 3, 2, 1, 0, 1, 7, 6, 3, 7, 4, 5, 3, 9, 8, 6, 3, 2, 9, 2, 0, 0, 6, 0, 5, 1, 6, 3, 9, 3, 0, 6, 6, 2, 8, 6, 4, 7, 0, 2, 9, 9, 4, 0, 7, 7, 1, 1, 6, 5, 6, 3, 1, 7, 0, 7, 6, 2, 8, 8, 3, 8, 9, 4, 8, 1, 3, 3, 0, 3, 7, 3, 8, 5, 5, 9, 7, 2, 1, 8, 1, 6, 1, 2, 8, 4, 0, 8, 7, 1, 7, 1, 9, 3, 2, 3, 6, 3, 7, 4, 4, 1, 3, 8, 2, 2, 8, 1, 5, 9, 2, 9, 6, 7, 0, 9, 3, 0, 2, 7, 6, 5, 8, 8, 1, 7, 3, 6, 5, 7, 4, 3, 6, 1, 3, 6, 0, 3, 5, 5, 2, 5, 1, 6, 0, 0]"
147,0.046394100005272776,0.00022310001077130437,1.847571807044262e+183,0.06602769999881275,0.4466058999823872,8.095824214832671e-12,0.06718640000326559,0.018319499999051914,4.547473508864641e-13,7.070865672341163e-16,659.7159511292672,659.7159511292667,"[9, 9, 9, 5, 2, 4, 8, 6, 3, 7, 1, 4, 6, 9, 6, 0, 6, 4, 6, 1, 3, 0, 8, 7, 8, 8, 7, 7, 9, 6, 5, 7, 9, 5, 8, 3, 8, 5, 7, 4, 4, 5, 6, 0, 3, 3, 5, 8, 2, 1, 8, 5, 0, 8, 0, 4, 0, 7, 7, 8, 6, 3, 2, 9, 3, 0, 0, 1, 1, 3, 7, 5, 6, 6, 2, 5, 4, 6, 8, 6, 6, 7, 4, 9, 9, 8, 7, 6, 4, 0, 3, 6, 0, 0, 3, 5, 8, 6, 8, 3, 5, 1, 9, 6, 8, 0, 7, 8, 5, 0, 3, 0, 7, 2, 7, 4, 8, 6, 5, 1, 8, 7, 0, 6, 3, 2, 5, 9, 7, 3, 7, 9, 4, 8, 2, 4, 0, 9, 7, 7, 0, 9, 2, 4, 6, 8, 9]"
148,0.053841000015381724,0.00045039999531582,6.571504816125451e+185,0.08928010001545772,0.3786768999998458,1.639880176135013e-11,0.08284620000631548,0.015923400002066046,2.2737367544323206e-13,6.02685977530117e-16,666.2241740246975,666.2241740246973,"[0, 5, 7, 5, 8, 2, 8, 4, 5, 2, 1, 0, 5, 9, 9, 9, 7, 0, 7, 0, 2, 6, 8, 0, 9, 4, 7, 6, 4, 4, 6, 1, 3, 5, 6, 8, 6, 9, 0, 5, 4, 8, 7, 6, 0, 3, 0, 4, 9, 4, 2, 2, 0, 8, 5, 9, 7, 7, 9, 7, 2, 6, 5, 2, 2, 6, 9, 3, 9, 8, 5, 2, 0, 7, 1, 3, 8, 8, 9, 0, 3, 4, 9, 2, 2, 0, 6, 7, 5, 3, 9, 2, 3, 2, 6, 4, 6, 0, 8, 4, 8, 4, 2, 5, 5, 6, 3, 0, 0, 0, 8, 3, 0, 0, 9, 4, 6, 7, 7, 0, 8, 5, 2, 8, 1, 5, 9, 5, 5, 3, 3, 6, 6, 8, 3, 3, 1, 3, 3, 2, 0, 1, 5, 0, 8, 5, 8, 8]"
149,0.0560311000153888,0.0004220999835524708,3.8985528672750705e+185,0.07475459997658618,0.2791191000142135,3.0743009954894565e-12,0.06723650000640191,0.016446900001028553,4.547473508864641e-13,7.303989283913718e-16,669.8917316921793,669.8917316921797,"[9, 7, 1, 2, 3, 2, 1, 8, 0, 3, 5, 4, 5, 1, 8, 0, 3, 9, 3, 8, 2, 7, 0, 0, 2, 4, 2, 9, 7, 6, 6, 0, 7, 4, 2, 3, 9, 8, 2, 5, 0, 5, 6, 3, 8, 1, 3, 8, 0, 5, 4, 7, 4, 1, 5, 5, 2, 7, 4, 0, 3, 9, 9, 3, 0, 8, 7, 3, 1, 5, 1, 0, 1, 6, 7, 9, 8, 6, 6, 5, 5, 7, 8, 6, 8, 7, 0, 1, 1, 0, 1, 6, 9, 9, 1, 2, 8, 0, 7, 3, 7, 2, 7, 1, 8, 9, 3, 8, 0, 5, 4, 7, 7, 4, 0, 8, 7, 5, 4, 0, 3, 6, 3, 2, 5, 1, 8, 1, 6, 2, 1, 6, 8, 0, 2, 5, 5, 5, 3, 8, 4, 9, 7, 7, 1, 6, 4, 3, 8]"
150,0.046151499991538,0.000594900018768385,7.845248082219053e+188,0.0682743999932427,0.27422950000618584,1.785664563206492e-08,0.08196010001120158,0.014174300013110042,0.0,5.140404540208181e-16,675.2632790472682,675.2632790472682,"[5, 5, 9, 6, 7, 1, 2, 7, 4, 4, 5, 1, 2, 8, 3, 4, 3, 9, 3, 7, 1, 6, 1, 9, 3, 6, 4, 6, 8, 1, 4, 2, 5, 1, 1, 8, 8, 7, 5, 8, 0, 5, 2, 4, 8, 9, 1, 0, 3, 0, 5, 3, 1, 4, 3, 3, 2, 5, 3, 3, 0, 3, 7, 7, 8, 1, 2, 7, 0, 5, 1, 5, 4, 0, 2, 7, 9, 6, 7, 4, 8, 6, 4, 9, 4, 4, 6, 1, 1, 5, 7, 0, 6, 9, 4, 7, 9, 3, 9, 4, 0, 9, 4, 8, 1, 8, 8, 5, 9, 6, 7, 9, 9, 6, 6, 8, 1, 9, 2, 5, 6, 6, 6, 2, 4, 6, 4, 1, 7, 9, 6, 7, 5, 5, 6, 5, 7, 7, 0, 9, 1, 3, 0, 9, 0, 5, 6, 9, 1, 9]"
151,0.06054330000188202,0.0004737999988719821,1.885650351202029e+189,0.13045269998838194,0.21448539997800253,8.819017261053424e-12,0.1043303000042215,0.016295100009301677,7.958078640513122e-13,5.338891568193822e-16,676.972919615654,676.9729196156547,"[4, 5, 7, 1, 5, 6, 4, 0, 1, 4, 1, 4, 5, 5, 5, 3, 9, 4, 9, 7, 5, 9, 2, 6, 2, 9, 5, 8, 0, 8, 5, 9, 5, 8, 3, 6, 4, 0, 7, 5, 8, 8, 3, 1, 1, 6, 4, 1, 4, 3, 7, 3, 6, 9, 9, 7, 7, 0, 1, 0, 2, 8, 9, 8, 0, 2, 8, 6, 9, 0, 0, 1, 9, 9, 0, 1, 5, 5, 8, 3, 1, 4, 4, 7, 3, 0, 4, 8, 0, 2, 2, 9, 7, 2, 3, 5, 8, 1, 2, 0, 9, 9, 7, 3, 9, 4, 1, 5, 4, 7, 6, 3, 4, 5, 2, 6, 5, 7, 9, 1, 5, 0, 7, 0, 5, 3, 1, 8, 6, 7, 5, 3, 4, 2, 9, 1, 5, 5, 8, 3, 2, 3, 3, 3, 2, 3, 7, 3, 0, 1, 1]"
152,0.05157149999286048,0.00046369998017326,1.748090879951375e+191,0.07699050000519492,0.37229679999290965,7.399815904327174e-12,0.08148870000150055,0.015266300004441291,0.0,5.373052192782485e-16,684.5025593187546,684.5025593187546,"[9, 1, 1, 4, 2, 2, 7, 6, 0, 0, 1, 5, 1, 3, 8, 5, 7, 4, 8, 7, 6, 7, 5, 4, 2, 8, 3, 0, 3, 8, 8, 1, 9, 1, 7, 7, 8, 0, 2, 3, 7, 3, 6, 5, 8, 2, 6, 4, 6, 5, 5, 3, 6, 3, 7, 3, 2, 0, 9, 2, 1, 4, 7, 7, 6, 7, 0, 3, 2, 3, 4, 3, 1, 0, 7, 1, 2, 8, 3, 9, 8, 0, 7, 9, 9, 7, 5, 6, 5, 5, 7, 7, 6, 5, 7, 6, 6, 1, 0, 1, 8, 9, 7, 9, 2, 0, 2, 2, 4, 9, 7, 4, 1, 6, 7, 6, 6, 5, 8, 7, 6, 5, 9, 5, 5, 1, 6, 6, 6, 0, 6, 3, 4, 4, 4, 0, 2, 1, 3, 3, 1, 9, 6, 2, 7, 4, 1, 2, 0, 3, 3, 1]"
153,0.04704879998462275,0.0004047999973408878,2.1664909671081957e+191,0.07402540001203306,0.31146180001087487,1.8148243134388105e-11,0.07405850000213832,0.015951399982441217,4.547473508864641e-13,6.516652152274091e-16,688.2121240857357,688.2121240857352,"[5, 2, 2, 7, 2, 7, 8, 6, 6, 0, 6, 5, 7, 3, 9, 4, 1, 9, 8, 1, 1, 9, 7, 8, 4, 1, 8, 5, 8, 5, 6, 8, 8, 9, 8, 1, 4, 7, 6, 2, 6, 1, 7, 8, 6, 7, 8, 2, 7, 5, 4, 9, 9, 9, 1, 5, 6, 3, 2, 5, 0, 0, 3, 8, 0, 7, 9, 7, 6, 7, 3, 3, 8, 6, 1, 0, 9, 3, 0, 5, 5, 4, 1, 9, 3, 0, 6, 4, 7, 3, 7, 4, 0, 3, 6, 7, 6, 5, 0, 0, 9, 7, 0, 7, 0, 1, 7, 5, 0, 4, 2, 8, 8, 7, 0, 7, 4, 2, 0, 6, 8, 9, 9, 6, 6, 1, 8, 5, 6, 6, 5, 7, 9, 9, 3, 4, 3, 6, 1, 5, 3, 9, 1, 3, 7, 6, 0, 0, 3, 5, 1, 8, 1]"
154,0.048030100006144494,0.00046049998491071165,5.638891450842432e+193,0.07671950000803918,0.34857989998999983,1.1542515781481575e-10,0.084056599996984,0.017398800002411008,1.3642420526593924e-12,5.070617788550976e-16,691.7020847808969,691.7020847808983,"[3, 6, 3, 4, 0, 9, 0, 5, 1, 6, 9, 6, 7, 5, 0, 7, 6, 1, 0, 2, 3, 8, 3, 3, 7, 5, 0, 0, 3, 6, 5, 9, 4, 8, 6, 7, 1, 9, 5, 5, 2, 3, 2, 3, 0, 9, 3, 3, 3, 6, 0, 9, 4, 1, 1, 0, 2, 0, 3, 4, 7, 9, 4, 6, 9, 4, 2, 6, 4, 0, 7, 7, 8, 0, 0, 1, 2, 8, 9, 9, 6, 5, 6, 6, 0, 0, 3, 2, 5, 1, 8, 2, 6, 5, 9, 2, 1, 4, 9, 1, 9, 5, 6, 3, 3, 1, 6, 9, 8, 1, 8, 0, 5, 9, 4, 1, 3, 8, 0, 9, 3, 2, 3, 8, 3, 9, 7, 9, 0, 1, 5, 3, 0, 0, 1, 4, 5, 2, 6, 9, 0, 4, 4, 4, 9, 8, 5, 5, 6, 7, 3, 1, 1, 1]"
155,0.08311320000211708,0.0005844999977853149,7.375185258386279e+195,0.10464599999249913,0.2209240999945905,1.0061717856295109e-10,0.08008939999854192,0.017188700003316626,2.2737367544323206e-13,5.681424633657484e-16,701.9294893310528,701.9294893310525,"[0, 7, 9, 5, 7, 2, 5, 1, 2, 1, 0, 0, 3, 5, 9, 3, 9, 4, 6, 9, 6, 1, 6, 7, 3, 1, 5, 3, 3, 2, 2, 4, 8, 3, 2, 3, 4, 6, 5, 0, 5, 9, 5, 5, 3, 2, 0, 4, 1, 1, 4, 3, 4, 2, 6, 5, 2, 5, 3, 6, 9, 1, 7, 7, 4, 8, 8, 4, 6, 8, 0, 1, 1, 1, 2, 8, 2, 4, 8, 9, 5, 8, 8, 4, 5, 7, 1, 5, 6, 3, 5, 5, 1, 1, 5, 6, 5, 3, 3, 5, 4, 3, 3, 7, 2, 5, 0, 3, 6, 9, 3, 1, 4, 0, 8, 7, 8, 8, 3, 9, 2, 4, 7, 8, 4, 8, 5, 7, 5, 3, 3, 9, 8, 8, 7, 2, 1, 3, 1, 6, 6, 7, 0, 3, 0, 7, 6, 4, 5, 1, 0, 9, 3, 7, 5]"
156,0.06296420001308434,0.00041280000004917383,2.698628876036117e+198,0.09564569999929518,0.29588259998126887,2.878139823083688e-12,0.12077120001777075,0.017990000022109598,0.0,5.253434695803222e-16,702.6124370476913,702.6124370476913,"[1, 4, 0, 6, 1, 8, 8, 4, 7, 1, 4, 4, 9, 7, 2, 6, 9, 6, 2, 2, 9, 6, 5, 8, 1, 5, 4, 2, 0, 6, 6, 7, 9, 4, 0, 4, 1, 4, 2, 5, 2, 7, 1, 2, 5, 4, 8, 3, 8, 4, 5, 4, 6, 9, 1, 5, 8, 4, 2, 5, 4, 2, 8, 0, 7, 1, 9, 1, 7, 2, 6, 4, 3, 1, 5, 7, 9, 3, 5, 6, 8, 2, 2, 2, 1, 2, 8, 4, 4, 8, 1, 1, 4, 4, 8, 7, 6, 1, 7, 3, 3, 1, 1, 8, 3, 4, 7, 3, 7, 3, 6, 1, 3, 3, 3, 8, 4, 2, 6, 4, 7, 2, 0, 1, 4, 3, 7, 3, 1, 2, 2, 9, 3, 8, 5, 7, 7, 7, 5, 4, 1, 0, 3, 5, 6, 7, 3, 9, 2, 1, 3, 4, 1, 4, 6, 9]"
157,0.05790970000089146,0.00032759999157860875,1.674656603531956e+199,0.08725730000878684,0.3741228000144474,1.116232101256083e-10,0.07715789999929257,0.019599799998104572,3.410605131648481e-13,5.838575169992596e-16,705.6577069697303,705.6577069697299,"[7, 0, 7, 4, 8, 3, 0, 2, 8, 3, 2, 0, 7, 2, 8, 4, 0, 2, 6, 4, 9, 6, 5, 4, 7, 6, 5, 8, 3, 5, 4, 0, 7, 0, 5, 2, 8, 1, 4, 4, 3, 8, 8, 2, 0, 1, 7, 3, 8, 6, 4, 8, 4, 0, 0, 7, 3, 3, 0, 0, 3, 3, 0, 1, 5, 8, 6, 2, 9, 4, 2, 6, 5, 0, 9, 6, 2, 2, 4, 4, 1, 9, 1, 5, 9, 2, 0, 1, 3, 8, 4, 5, 2, 9, 1, 8, 9, 7, 2, 5, 2, 3, 2, 8, 3, 9, 2, 9, 5, 6, 8, 8, 7, 2, 5, 7, 5, 2, 4, 8, 3, 6, 3, 3, 1, 6, 9, 1, 1, 9, 2, 6, 9, 3, 3, 8, 4, 4, 9, 7, 6, 1, 5, 2, 4, 7, 5, 0, 5, 2, 3, 7, 5, 2, 9, 7, 4]"
158,0.05393220001133159,0.0005586999759543687,4.89058594665156e+199,0.10000010000658222,0.40225569999893196,2.7413798322756163e-11,0.08069499998237006,0.018513200018787757,2.2737367544323206e-13,4.38415109741722e-16,715.0847429069214,715.0847429069212,"[6, 7, 8, 6, 7, 5, 1, 7, 1, 8, 4, 8, 6, 5, 0, 4, 8, 3, 9, 7, 1, 3, 8, 0, 8, 7, 6, 9, 7, 0, 0, 4, 6, 3, 0, 1, 2, 1, 3, 2, 0, 6, 1, 0, 0, 9, 0, 8, 8, 2, 6, 9, 5, 5, 9, 8, 0, 4, 9, 2, 6, 1, 5, 7, 5, 4, 3, 0, 5, 0, 1, 9, 1, 1, 1, 1, 4, 2, 3, 3, 4, 5, 0, 8, 7, 8, 9, 7, 0, 7, 9, 0, 7, 7, 7, 3, 5, 1, 6, 8, 0, 9, 7, 2, 9, 9, 5, 5, 8, 6, 7, 8, 7, 7, 3, 8, 2, 3, 0, 2, 4, 9, 8, 5, 0, 9, 2, 5, 4, 5, 1, 6, 2, 6, 0, 4, 8, 9, 8, 8, 6, 5, 1, 2, 3, 4, 2, 0, 2, 9, 8, 9, 6, 0, 8, 8, 2, 6]"
159,0.055328099988400936,0.0005431000026874244,2.941004409400978e+201,0.08264740000595339,0.28177170001436025,7.978607514028091e-11,0.09132409997982904,0.01786669998546131,2.2737367544323206e-13,5.757191532588119e-16,713.5734345013124,713.5734345013121,"[6, 5, 1, 5, 4, 4, 8, 5, 2, 6, 2, 5, 4, 6, 2, 7, 5, 6, 9, 0, 6, 2, 5, 3, 6, 6, 4, 8, 1, 2, 6, 3, 7, 9, 0, 6, 9, 1, 8, 2, 3, 2, 0, 3, 0, 9, 4, 9, 7, 4, 8, 4, 8, 7, 2, 4, 4, 5, 0, 2, 4, 9, 4, 2, 4, 9, 3, 9, 8, 8, 3, 6, 8, 4, 3, 5, 0, 9, 8, 5, 8, 0, 0, 5, 2, 1, 4, 3, 9, 3, 3, 0, 7, 0, 5, 7, 9, 6, 9, 5, 8, 1, 7, 2, 7, 4, 7, 8, 7, 2, 1, 7, 3, 4, 4, 6, 4, 5, 6, 2, 0, 9, 3, 3, 9, 8, 0, 9, 7, 6, 5, 5, 7, 2, 2, 6, 3, 2, 5, 0, 2, 9, 6, 1, 1, 0, 8, 7, 9, 9, 0, 2, 5, 4, 5, 2, 2, 5, 4]"
160,0.05618680000770837,0.0004126000276301056,1.25091358755286e+203,0.08209109999006614,0.34435410000151023,2.3256371342054944e-10,0.10058810000191443,0.01718980001169257,2.2737367544323206e-13,6.501858371212021e-16,718.1092527969721,718.1092527969723,"[2, 0, 9, 3, 9, 5, 3, 0, 4, 5, 9, 3, 2, 4, 9, 2, 8, 8, 2, 5, 1, 2, 2, 6, 1, 8, 2, 5, 9, 3, 1, 7, 8, 0, 3, 0, 0, 2, 9, 0, 5, 2, 8, 4, 2, 9, 1, 8, 9, 2, 3, 0, 9, 5, 2, 5, 4, 0, 4, 7, 4, 2, 6, 3, 7, 8, 0, 7, 8, 8, 2, 1, 9, 0, 2, 9, 3, 5, 5, 8, 7, 0, 1, 2, 0, 2, 8, 8, 7, 9, 3, 6, 9, 2, 9, 4, 9, 6, 0, 8, 5, 6, 2, 2, 9, 1, 5, 0, 1, 7, 6, 2, 2, 3, 1, 6, 9, 2, 1, 4, 5, 6, 0, 9, 8, 1, 8, 2, 9, 5, 8, 8, 4, 5, 6, 4, 9, 2, 7, 4, 2, 6, 6, 0, 1, 2, 9, 9, 6, 2, 2, 8, 9, 5, 5, 0, 1, 0, 7, 1]"
161,0.1410355999832973,0.0003981000045314431,2.576506441198846e+204,0.09632179999607615,0.41530630001216196,3.868916452668988e-10,0.08418649999657646,0.01695699998526834,7.958078640513122e-13,9.046146325204653e-16,719.2989354488019,719.2989354488011,"[9, 5, 4, 7, 4, 4, 9, 5, 8, 4, 6, 1, 3, 8, 7, 8, 8, 1, 6, 9, 3, 1, 5, 4, 2, 1, 9, 6, 8, 1, 2, 6, 2, 7, 7, 2, 9, 4, 4, 2, 3, 2, 0, 4, 5, 8, 2, 2, 6, 3, 0, 8, 5, 4, 8, 8, 3, 2, 3, 7, 5, 4, 0, 3, 7, 2, 7, 2, 2, 6, 4, 2, 3, 9, 6, 1, 2, 8, 1, 3, 1, 0, 8, 2, 0, 3, 9, 9, 6, 3, 3, 5, 3, 9, 2, 3, 6, 6, 4, 9, 0, 7, 0, 3, 9, 7, 3, 7, 3, 1, 6, 1, 1, 5, 8, 2, 1, 0, 6, 2, 3, 0, 0, 5, 3, 4, 8, 2, 6, 7, 6, 6, 1, 6, 3, 4, 3, 5, 2, 2, 2, 6, 5, 9, 7, 7, 3, 4, 9, 4, 8, 3, 8, 1, 0, 0, 0, 5, 5, 5, 5]"
162,0.064321599988034,0.0006217000191099942,5.3660408231616266e+206,0.09093659999780357,0.32631310002761893,3.866006851636797e-11,0.08152989999507554,0.014478000026429072,3.410605131648481e-13,7.212445341068398e-16,728.1015706920558,728.1015706920555,"[7, 0, 7, 8, 5, 0, 2, 5, 4, 0, 6, 9, 7, 6, 4, 5, 0, 2, 9, 3, 7, 0, 8, 8, 1, 8, 2, 3, 6, 2, 7, 2, 7, 0, 1, 3, 9, 7, 7, 9, 5, 6, 2, 7, 1, 1, 5, 8, 9, 9, 6, 8, 4, 1, 6, 4, 7, 2, 8, 0, 6, 1, 3, 1, 6, 9, 2, 5, 6, 8, 2, 7, 1, 2, 8, 1, 0, 0, 6, 3, 7, 8, 3, 8, 8, 0, 1, 6, 9, 0, 9, 8, 1, 1, 3, 7, 4, 8, 8, 1, 6, 2, 9, 4, 1, 4, 8, 3, 8, 4, 1, 3, 2, 7, 4, 9, 4, 6, 3, 2, 8, 7, 7, 2, 6, 3, 4, 7, 1, 2, 3, 7, 0, 9, 0, 4, 7, 0, 0, 9, 6, 3, 1, 3, 3, 1, 5, 9, 3, 7, 6, 4, 9, 9, 8, 8, 0, 0, 8, 4, 9, 8]"
163,0.05737470000167377,0.0007643999997526407,5.495277284003416e+208,0.09267670000554062,0.35765140000148676,5.6033351190473123e-11,0.08278329999302514,0.018581999989692122,2.2737367544323206e-13,5.946433702560691e-16,728.5164860666258,728.516486066626,"[2, 7, 9, 5, 8, 9, 4, 7, 9, 0, 9, 4, 6, 8, 7, 2, 5, 2, 8, 3, 8, 5, 1, 9, 7, 8, 3, 2, 5, 3, 8, 9, 7, 8, 2, 1, 9, 5, 4, 6, 9, 3, 0, 9, 7, 2, 2, 5, 6, 0, 2, 2, 5, 1, 0, 0, 0, 7, 1, 1, 5, 4, 5, 0, 7, 2, 6, 1, 7, 1, 5, 2, 2, 0, 2, 5, 7, 7, 4, 1, 6, 9, 6, 7, 6, 0, 1, 3, 3, 9, 6, 3, 1, 2, 1, 8, 3, 8, 4, 5, 7, 5, 8, 8, 8, 4, 3, 9, 9, 2, 5, 1, 3, 4, 4, 5, 0, 1, 7, 8, 0, 8, 0, 0, 3, 8, 3, 4, 7, 3, 4, 4, 1, 8, 0, 3, 4, 1, 4, 4, 3, 0, 3, 9, 5, 4, 5, 6, 7, 9, 6, 1, 0, 6, 6, 8, 5, 2, 2, 5, 6, 2, 9]"
164,0.06025550002232194,0.00045670001418329775,1.4935395638429586e+210,0.09399530000519007,0.45404359998065047,4.493092141456771e-12,0.08383570000296459,0.026571599999442697,2.2737367544323206e-13,5.933464366067994e-16,742.9657335204083,742.9657335204081,"[5, 2, 9, 7, 7, 6, 3, 3, 3, 5, 5, 7, 8, 4, 1, 9, 2, 9, 4, 0, 4, 3, 1, 2, 1, 8, 2, 5, 0, 8, 3, 7, 3, 1, 8, 6, 9, 0, 7, 8, 3, 4, 7, 5, 4, 6, 0, 3, 0, 0, 1, 2, 8, 3, 9, 3, 6, 1, 5, 2, 0, 1, 1, 2, 7, 0, 3, 7, 5, 7, 9, 9, 9, 3, 0, 4, 0, 8, 3, 4, 6, 2, 3, 3, 3, 5, 5, 3, 6, 8, 0, 9, 7, 2, 7, 3, 4, 4, 1, 7, 2, 5, 6, 4, 3, 8, 6, 7, 5, 4, 5, 3, 4, 5, 3, 7, 8, 0, 4, 0, 0, 4, 2, 8, 7, 0, 5, 6, 9, 2, 0, 1, 6, 0, 3, 8, 9, 6, 6, 1, 7, 2, 0, 8, 2, 6, 8, 9, 0, 0, 1, 4, 6, 0, 2, 0, 3, 3, 7, 9, 1, 6, 2, 5]"
165,0.08042769998428412,0.0007117000059224665,7.120703502662456e+211,0.11652890002005734,0.30640869998023845,2.6101105409939396e-11,0.11550819998956285,0.020691400015493855,7.958078640513122e-13,4.466837161107596e-16,741.3758666639466,741.3758666639474,"[9, 0, 8, 1, 4, 6, 1, 6, 8, 3, 5, 9, 4, 1, 9, 4, 9, 0, 2, 4, 5, 7, 5, 9, 8, 6, 2, 8, 1, 5, 1, 7, 1, 4, 5, 6, 1, 2, 0, 7, 7, 6, 8, 1, 5, 1, 7, 6, 6, 4, 6, 3, 8, 9, 2, 4, 9, 6, 2, 0, 4, 6, 9, 3, 6, 8, 4, 3, 5, 2, 3, 3, 0, 9, 9, 6, 9, 2, 9, 8, 5, 6, 2, 7, 5, 1, 1, 6, 2, 0, 5, 7, 4, 9, 6, 6, 3, 8, 4, 3, 2, 9, 7, 0, 6, 4, 9, 5, 5, 0, 6, 4, 4, 2, 3, 3, 7, 6, 6, 7, 9, 8, 7, 8, 8, 9, 3, 5, 5, 8, 4, 8, 7, 9, 7, 6, 2, 0, 1, 6, 2, 3, 8, 1, 8, 9, 9, 2, 3, 7, 2, 0, 1, 5, 8, 1, 9, 2, 2, 7, 9, 8, 3, 0, 8]"
166,0.06787650001933798,0.000523299997439608,3.461826940206523e+212,0.09317730000475422,0.41072169999824837,2.5340579525587548e-11,0.08654769998975098,0.01733899998362176,2.2737367544323206e-13,5.977123092958955e-16,745.5298569761314,745.5298569761317,"[3, 6, 9, 1, 6, 6, 4, 6, 7, 3, 7, 0, 5, 8, 3, 4, 3, 5, 7, 3, 5, 7, 2, 6, 4, 0, 2, 4, 7, 7, 3, 1, 8, 1, 8, 5, 9, 9, 8, 8, 0, 9, 8, 6, 4, 2, 0, 5, 8, 5, 0, 7, 2, 0, 5, 1, 7, 2, 5, 4, 0, 4, 0, 5, 9, 7, 4, 6, 1, 6, 2, 9, 3, 5, 7, 2, 4, 7, 9, 3, 1, 7, 2, 6, 9, 9, 9, 2, 3, 7, 4, 5, 6, 0, 4, 7, 0, 6, 6, 5, 7, 8, 5, 0, 0, 1, 3, 8, 1, 5, 5, 0, 8, 0, 2, 2, 0, 4, 0, 1, 5, 4, 8, 1, 8, 3, 8, 2, 7, 8, 7, 8, 3, 0, 0, 0, 6, 0, 2, 5, 3, 9, 9, 3, 5, 1, 7, 4, 1, 7, 2, 0, 6, 8, 5, 9, 9, 6, 6, 3, 4, 9, 8, 5, 8, 9]"
167,0.06495279999217018,0.00041340000461786985,2.0579755701217857e+215,0.09609080001246184,0.342723699985072,1.9719340467060522e-11,0.09403199999360368,0.01857799998833798,7.958078640513122e-13,7.515818336606974e-16,750.8526530757142,750.852653075715,"[8, 6, 5, 9, 6, 8, 2, 3, 7, 5, 6, 6, 9, 2, 1, 3, 3, 9, 5, 7, 2, 1, 7, 8, 3, 1, 2, 0, 4, 0, 9, 4, 3, 0, 9, 4, 7, 1, 4, 2, 7, 6, 1, 5, 9, 0, 4, 6, 2, 8, 5, 0, 8, 2, 6, 6, 6, 9, 4, 7, 1, 9, 1, 1, 1, 5, 7, 5, 3, 9, 7, 8, 0, 5, 4, 1, 3, 7, 7, 0, 8, 3, 0, 1, 7, 5, 6, 7, 6, 4, 0, 4, 8, 1, 7, 3, 3, 7, 6, 9, 3, 7, 3, 4, 8, 8, 2, 9, 5, 9, 3, 6, 5, 6, 2, 6, 8, 6, 7, 7, 9, 9, 1, 5, 7, 3, 6, 8, 1, 0, 2, 0, 4, 5, 3, 0, 9, 4, 5, 0, 3, 5, 4, 6, 4, 1, 8, 4, 8, 6, 3, 7, 7, 0, 9, 1, 5, 0, 8, 7, 5, 8, 4, 6, 4, 9, 7]"
168,0.06761330002336763,0.0005798999918624759,4.250863105846484e+216,0.10093029998824932,0.3328629999887198,1.4939488267966213e-10,0.0883371000236366,0.01734350001788698,4.547473508864641e-13,4.865149434140654e-16,752.6845276267,752.6845276266995,"[3, 5, 6, 2, 0, 1, 3, 2, 1, 2, 9, 8, 7, 6, 8, 7, 9, 0, 4, 1, 1, 3, 4, 2, 0, 7, 3, 5, 4, 2, 4, 4, 3, 9, 7, 4, 4, 5, 4, 5, 4, 1, 3, 2, 6, 4, 1, 6, 1, 3, 2, 9, 3, 8, 6, 9, 1, 8, 7, 0, 4, 7, 3, 2, 4, 8, 8, 3, 2, 1, 5, 8, 3, 4, 6, 2, 1, 7, 3, 2, 0, 3, 8, 1, 8, 9, 5, 4, 1, 3, 8, 5, 4, 3, 1, 3, 9, 8, 4, 8, 5, 5, 9, 9, 3, 2, 3, 7, 5, 6, 8, 8, 5, 6, 9, 5, 5, 3, 6, 2, 1, 4, 6, 0, 7, 7, 6, 2, 9, 9, 6, 5, 8, 7, 6, 8, 9, 9, 1, 1, 1, 8, 6, 7, 0, 2, 9, 3, 3, 1, 4, 4, 9, 1, 7, 5, 4, 9, 6, 5, 4, 2, 1, 0, 6, 7, 6, 0]"
169,0.07321290002437308,0.0004794999840669334,5.564533654007896e+218,0.10446189998765476,0.3648248999961652,2.136588139018143e-09,0.09712429999490269,0.017390699998941272,0.0,6.1721061478217895e-16,757.553751634485,757.553751634485,"[4, 6, 7, 1, 2, 1, 8, 1, 4, 9, 0, 9, 4, 4, 0, 4, 1, 1, 9, 7, 1, 9, 6, 2, 6, 5, 1, 3, 6, 0, 7, 9, 3, 8, 0, 7, 6, 6, 6, 2, 0, 3, 5, 0, 9, 5, 6, 5, 0, 1, 4, 9, 9, 3, 6, 0, 1, 9, 1, 8, 1, 4, 6, 7, 4, 9, 4, 3, 7, 3, 7, 7, 4, 5, 9, 8, 0, 1, 5, 5, 8, 5, 2, 0, 7, 7, 1, 5, 1, 2, 9, 3, 9, 3, 3, 5, 6, 2, 6, 4, 6, 9, 2, 7, 5, 9, 9, 8, 2, 0, 1, 6, 9, 4, 5, 7, 2, 3, 5, 4, 0, 7, 0, 0, 6, 6, 5, 2, 0, 7, 9, 7, 3, 8, 6, 5, 7, 9, 7, 0, 6, 9, 8, 3, 8, 6, 3, 0, 6, 0, 8, 0, 0, 7, 9, 9, 2, 7, 6, 5, 0, 8, 9, 5, 2, 2, 2, 9, 9]"
170,0.07412420000764541,0.0007022999925538898,1.6107428249590022e+219,0.1012355999846477,0.29024249999201857,1.674752022880053e-10,0.09161620002123527,0.03270650000195019,9.094947017729282e-13,7.413908592153785e-16,761.708993679953,761.7089936799539,"[7, 2, 0, 6, 5, 0, 9, 3, 3, 4, 5, 0, 8, 0, 6, 2, 0, 7, 9, 4, 5, 3, 1, 9, 3, 2, 2, 9, 1, 6, 0, 3, 9, 4, 1, 3, 4, 9, 2, 8, 2, 9, 0, 8, 4, 8, 8, 5, 3, 4, 6, 6, 2, 7, 6, 9, 8, 7, 7, 8, 4, 1, 2, 3, 4, 9, 3, 1, 0, 8, 2, 4, 0, 7, 3, 4, 5, 6, 7, 0, 4, 0, 1, 1, 0, 1, 1, 4, 3, 9, 6, 9, 2, 4, 9, 2, 7, 5, 7, 8, 9, 4, 8, 2, 8, 7, 0, 5, 3, 1, 8, 8, 4, 1, 2, 1, 7, 2, 1, 7, 5, 0, 0, 9, 7, 5, 6, 7, 0, 7, 8, 3, 9, 4, 3, 0, 2, 6, 5, 9, 7, 5, 6, 1, 5, 0, 4, 5, 1, 5, 0, 6, 1, 3, 0, 8, 7, 5, 7, 0, 1, 1, 9, 5, 5, 8, 1, 1, 2, 6]"
171,0.0706849999842234,0.0005747999821323901,8.924766613880064e+221,0.1452356000081636,0.3833425999910105,5.501973488938619e-10,0.1125707000028342,0.03795440000249073,3.410605131648481e-13,7.273933626118562e-16,768.6278859999037,768.627885999904,"[6, 8, 6, 6, 1, 7, 7, 2, 3, 6, 7, 9, 1, 7, 0, 0, 3, 4, 7, 2, 9, 1, 8, 7, 8, 4, 9, 1, 3, 8, 4, 4, 9, 5, 7, 6, 6, 5, 6, 1, 6, 0, 7, 2, 0, 9, 1, 1, 2, 5, 5, 4, 2, 8, 9, 8, 2, 3, 0, 9, 4, 5, 2, 4, 2, 5, 0, 1, 2, 6, 1, 9, 7, 9, 6, 0, 8, 1, 5, 9, 5, 9, 9, 3, 2, 2, 9, 6, 2, 0, 7, 9, 6, 4, 4, 4, 8, 1, 2, 3, 4, 9, 3, 5, 6, 1, 7, 5, 5, 3, 6, 6, 5, 6, 4, 6, 9, 1, 8, 4, 6, 5, 2, 5, 1, 3, 8, 7, 3, 2, 0, 7, 2, 2, 7, 8, 5, 1, 4, 1, 9, 1, 6, 5, 0, 3, 8, 9, 3, 4, 3, 2, 8, 9, 6, 5, 7, 2, 7, 2, 6, 0, 8, 2, 4, 2, 1, 8, 1, 0, 7]"
172,0.07306239998433739,0.0005363000091165304,1.2219508399330457e+223,0.10234600002877414,0.34808649998740293,4.018691171843515e-12,0.09389780001947656,0.04351620000670664,4.547473508864641e-13,5.822058658345461e-16,773.9753510039836,773.9753510039832,"[9, 3, 7, 4, 5, 0, 6, 3, 2, 2, 2, 9, 6, 1, 3, 1, 8, 6, 7, 6, 0, 7, 4, 7, 3, 2, 4, 5, 9, 4, 9, 4, 7, 9, 1, 3, 6, 9, 4, 5, 8, 7, 2, 6, 3, 0, 1, 6, 3, 8, 5, 1, 2, 2, 7, 5, 1, 5, 0, 7, 5, 0, 4, 2, 8, 2, 0, 9, 7, 2, 9, 4, 6, 0, 1, 5, 8, 2, 4, 0, 1, 9, 2, 7, 8, 2, 6, 4, 7, 3, 8, 8, 2, 3, 2, 4, 1, 9, 7, 9, 7, 8, 4, 6, 7, 3, 6, 6, 9, 4, 0, 3, 9, 3, 9, 9, 1, 6, 5, 5, 3, 7, 7, 3, 7, 6, 6, 4, 7, 7, 7, 8, 5, 7, 3, 6, 7, 8, 6, 4, 9, 8, 3, 0, 0, 9, 8, 6, 4, 4, 8, 0, 5, 3, 5, 3, 2, 6, 7, 9, 3, 1, 8, 5, 6, 3, 2, 7, 2, 2, 2, 1]"
173,0.07490450001205318,0.0005390000005718321,2.5538123031390152e+224,0.10903059999691322,0.38809560000663623,6.072362538719014e-11,0.0941383000172209,0.03044530001352541,2.2737367544323206e-13,4.3863470159608307e-16,778.2042043009308,778.204204300931,"[3, 0, 2, 1, 9, 6, 3, 4, 8, 9, 2, 0, 3, 3, 2, 6, 3, 9, 7, 8, 4, 7, 6, 9, 4, 6, 0, 1, 8, 3, 2, 4, 8, 5, 8, 4, 0, 6, 9, 8, 2, 1, 8, 4, 1, 2, 9, 9, 3, 2, 6, 1, 5, 9, 8, 2, 7, 7, 1, 6, 8, 3, 1, 3, 3, 2, 9, 1, 7, 8, 7, 5, 3, 5, 4, 1, 5, 8, 7, 4, 0, 6, 2, 7, 6, 8, 8, 4, 2, 5, 0, 1, 2, 5, 6, 1, 5, 8, 6, 8, 1, 9, 8, 3, 7, 7, 1, 7, 5, 3, 1, 7, 9, 3, 7, 1, 1, 7, 5, 1, 7, 4, 0, 1, 6, 6, 8, 6, 4, 8, 1, 5, 6, 4, 1, 9, 6, 6, 8, 1, 9, 9, 9, 8, 6, 8, 9, 7, 5, 5, 7, 5, 5, 1, 4, 1, 4, 9, 6, 3, 5, 9, 1, 0, 7, 4, 4, 9, 5, 7, 9, 5, 9]"
174,0.0750842000124976,0.03904299999703653,7.168748138124975e+225,0.11620540000149049,0.40008699998725206,4.505103014016188e-12,0.1062732000136748,0.07747720001498237,5.684341886080801e-13,8.309307342148466e-16,781.6516887286191,781.6516887286185,"[5, 6, 4, 9, 9, 0, 5, 6, 2, 0, 8, 4, 6, 2, 5, 3, 5, 6, 6, 8, 6, 8, 0, 3, 5, 7, 7, 5, 4, 6, 8, 9, 4, 3, 9, 9, 5, 9, 2, 9, 6, 1, 0, 9, 4, 0, 6, 2, 1, 4, 3, 9, 3, 5, 4, 0, 7, 4, 2, 7, 6, 5, 4, 2, 9, 0, 4, 1, 5, 5, 7, 2, 8, 7, 5, 7, 2, 8, 3, 3, 8, 8, 3, 6, 2, 4, 5, 2, 4, 1, 4, 4, 6, 0, 7, 4, 2, 4, 9, 1, 6, 8, 0, 7, 2, 7, 7, 4, 2, 7, 4, 1, 5, 1, 9, 3, 0, 4, 9, 3, 5, 6, 3, 7, 8, 2, 0, 7, 9, 8, 5, 7, 2, 1, 6, 1, 8, 1, 5, 5, 5, 6, 4, 3, 1, 4, 0, 6, 2, 8, 4, 3, 0, 3, 3, 1, 9, 0, 8, 2, 8, 7, 1, 9, 8, 0, 7, 8, 8, 0, 8, 7, 7, 2]"
175,0.08029589999932796,0.008598400017945096,3.932950471067161e+227,0.131661699997494,0.3570936000032816,5.4504480047168585e-11,0.11354330001631752,0.03366010001627728,7.958078640513122e-13,4.882930750227161e-16,785.2500896019671,785.2500896019664,"[0, 6, 6, 7, 5, 1, 8, 5, 0, 1, 1, 5, 2, 6, 9, 3, 7, 7, 1, 3, 6, 2, 0, 3, 6, 7, 6, 6, 0, 6, 6, 7, 6, 8, 3, 4, 9, 2, 1, 0, 9, 5, 6, 6, 6, 7, 5, 6, 1, 0, 1, 8, 9, 1, 9, 1, 6, 6, 5, 1, 3, 5, 7, 1, 3, 3, 2, 4, 5, 7, 2, 6, 2, 4, 4, 0, 9, 0, 7, 2, 9, 5, 6, 3, 1, 4, 5, 1, 8, 6, 6, 3, 3, 0, 2, 9, 1, 1, 5, 2, 5, 7, 9, 9, 9, 2, 5, 1, 6, 0, 6, 1, 8, 6, 7, 6, 9, 1, 0, 5, 3, 6, 2, 6, 6, 3, 3, 7, 4, 8, 8, 5, 8, 7, 6, 7, 4, 0, 0, 6, 8, 3, 8, 3, 8, 8, 5, 3, 5, 3, 5, 3, 5, 8, 5, 1, 4, 0, 5, 5, 4, 5, 6, 9, 2, 3, 8, 0, 8, 2, 3, 3, 4, 9, 5]"
176,0.11262110000825487,0.0021297999774105847,1.6884131734238018e+230,0.1498112000117544,0.2647579000040423,1.820407606857947e-10,0.11535520001780242,0.02568799999426119,2.2737367544323206e-13,5.980344393700999e-16,795.1069356329019,795.1069356329017,"[4, 1, 2, 2, 2, 3, 9, 9, 6, 4, 6, 5, 1, 4, 9, 6, 5, 9, 4, 0, 2, 2, 0, 4, 8, 1, 2, 6, 6, 3, 3, 4, 2, 9, 6, 6, 9, 1, 2, 7, 0, 3, 8, 4, 7, 0, 1, 7, 6, 2, 7, 3, 9, 8, 3, 6, 8, 8, 0, 9, 1, 7, 4, 9, 4, 1, 0, 4, 3, 4, 3, 3, 5, 5, 4, 5, 1, 2, 9, 7, 1, 2, 2, 1, 5, 2, 4, 4, 1, 7, 6, 0, 0, 7, 4, 1, 1, 3, 1, 0, 0, 0, 1, 3, 4, 7, 4, 0, 3, 8, 5, 4, 4, 2, 4, 3, 1, 2, 9, 1, 1, 1, 6, 3, 2, 0, 2, 9, 9, 2, 2, 8, 7, 6, 2, 7, 6, 3, 0, 1, 3, 0, 1, 2, 6, 0, 3, 8, 1, 3, 8, 6, 9, 4, 6, 3, 8, 3, 4, 0, 7, 8, 8, 9, 6, 4, 7, 5, 4, 6, 2, 6, 3, 9, 6, 1]"
177,0.12027779998607002,0.0007128000142984092,2.9412940420540775e+231,0.16177099998458289,0.2637547999911476,9.870442512359136e-12,0.11628869999549352,0.03290469999774359,2.2737367544323206e-13,6.114106657603893e-16,796.7796353016281,796.7796353016279,"[7, 6, 5, 5, 9, 2, 6, 1, 9, 2, 9, 2, 2, 3, 0, 8, 3, 6, 1, 7, 0, 6, 3, 9, 0, 4, 8, 0, 5, 0, 2, 9, 0, 9, 9, 6, 3, 1, 4, 9, 8, 1, 2, 5, 4, 9, 5, 6, 3, 2, 7, 1, 0, 9, 8, 8, 6, 4, 4, 2, 7, 7, 1, 1, 3, 3, 7, 9, 5, 1, 8, 2, 6, 4, 1, 3, 3, 2, 9, 1, 0, 5, 0, 3, 0, 6, 5, 3, 4, 0, 9, 2, 1, 9, 2, 9, 0, 9, 0, 4, 3, 7, 4, 8, 9, 4, 7, 4, 5, 4, 1, 9, 0, 7, 9, 8, 1, 4, 8, 3, 9, 1, 1, 0, 1, 5, 9, 2, 8, 0, 9, 7, 2, 0, 4, 8, 6, 1, 9, 1, 8, 8, 3, 8, 1, 7, 2, 4, 5, 5, 6, 6, 4, 7, 1, 7, 3, 7, 4, 2, 9, 7, 4, 8, 5, 6, 3, 0, 9, 7, 7, 9, 0, 9, 5, 2, 8]"
178,0.08347509999293834,0.0007063999946694821,1.9702121688913782e+231,0.12492550001479685,0.2407054000068456,3.178718274981155e-11,0.10277389999828301,0.0461401000211481,3.410605131648481e-13,8.056291896763041e-16,801.2299200467405,801.2299200467402,"[6, 3, 9, 0, 2, 8, 6, 4, 4, 8, 2, 2, 2, 2, 3, 1, 0, 3, 8, 9, 6, 1, 2, 0, 2, 1, 5, 0, 6, 7, 9, 3, 0, 7, 5, 7, 2, 2, 4, 9, 1, 7, 4, 5, 1, 3, 9, 1, 9, 0, 4, 4, 2, 7, 6, 1, 6, 2, 9, 3, 9, 0, 5, 1, 2, 8, 8, 5, 7, 8, 6, 7, 7, 4, 8, 0, 9, 1, 9, 8, 2, 1, 4, 0, 3, 3, 0, 7, 7, 2, 3, 0, 7, 0, 3, 6, 4, 7, 5, 4, 0, 5, 6, 7, 8, 4, 1, 5, 0, 4, 5, 8, 1, 6, 9, 6, 4, 6, 9, 7, 6, 9, 7, 5, 6, 4, 3, 8, 0, 9, 7, 4, 9, 7, 6, 6, 9, 1, 3, 8, 8, 3, 1, 2, 7, 8, 9, 9, 8, 0, 1, 4, 7, 9, 1, 7, 7, 0, 2, 2, 1, 0, 6, 8, 0, 8, 8, 0, 5, 8, 8, 3, 9, 0, 5, 3, 7, 6]"
179,0.09877909999340773,0.0007603999983984977,1.8401608818517228e+235,0.1997230999986641,0.24493649997748435,1.235688991705593e-10,0.1200255999865476,0.036347300017951056,1.1368683772161603e-13,5.378426141976506e-16,809.0657703748128,809.0657703748127,"[9, 0, 1, 5, 7, 6, 1, 4, 3, 8, 8, 5, 7, 5, 4, 4, 0, 3, 3, 1, 2, 6, 3, 5, 0, 1, 8, 4, 9, 1, 1, 6, 0, 3, 7, 9, 1, 4, 2, 6, 8, 8, 0, 4, 6, 6, 9, 1, 6, 6, 8, 6, 4, 5, 9, 5, 7, 0, 3, 5, 5, 3, 8, 9, 9, 4, 6, 6, 0, 7, 7, 0, 4, 5, 2, 7, 9, 9, 1, 7, 7, 2, 1, 1, 9, 9, 3, 1, 5, 2, 7, 1, 4, 7, 4, 5, 6, 9, 3, 9, 1, 9, 6, 3, 4, 4, 7, 9, 0, 5, 6, 4, 6, 6, 4, 4, 4, 5, 4, 2, 9, 6, 8, 1, 1, 4, 4, 4, 1, 4, 6, 8, 3, 6, 9, 0, 3, 4, 6, 4, 1, 8, 6, 0, 7, 3, 6, 4, 9, 9, 3, 2, 9, 0, 4, 4, 0, 3, 9, 1, 5, 3, 4, 7, 4, 1, 1, 2, 6, 9, 8, 2, 8, 2, 9, 8, 4, 0, 1]"
180,0.090983200003393,0.000534999999217689,6.632357290308629e+234,0.1376258000091184,0.2562405999924522,3.4802995705907775e-11,0.16492439998546615,0.07129809999605641,5.684341886080801e-13,7.367001142448147e-16,810.0041630164447,810.0041630164453,"[9, 3, 4, 0, 3, 5, 2, 2, 7, 0, 9, 1, 2, 7, 7, 0, 1, 6, 0, 2, 7, 0, 7, 3, 4, 2, 4, 6, 3, 7, 1, 6, 6, 3, 4, 7, 0, 8, 8, 8, 8, 9, 1, 2, 3, 3, 3, 2, 0, 5, 2, 2, 8, 5, 0, 7, 8, 8, 1, 5, 2, 1, 4, 1, 5, 9, 9, 3, 1, 8, 6, 8, 6, 9, 0, 6, 7, 8, 8, 5, 7, 6, 3, 8, 3, 6, 3, 8, 6, 2, 8, 9, 0, 0, 3, 4, 7, 8, 8, 7, 3, 9, 3, 1, 3, 6, 1, 2, 1, 3, 2, 6, 7, 5, 6, 6, 0, 3, 0, 0, 8, 6, 2, 7, 4, 1, 2, 2, 5, 1, 1, 9, 6, 1, 6, 5, 8, 1, 3, 7, 7, 9, 6, 4, 3, 9, 3, 6, 2, 1, 6, 0, 1, 4, 9, 3, 6, 1, 9, 1, 0, 5, 8, 9, 4, 6, 1, 2, 8, 8, 8, 0, 8, 1, 7, 7, 1, 7, 1, 6]"
181,0.13728159997845069,0.0008140999998431653,1.1372480689431676e+238,0.17987379999249242,0.15837610000744462,2.5487270590526228e-11,0.13992360001429915,0.05711100000189617,2.2737367544323206e-13,7.829581734029329e-16,815.9163939236122,815.9163939236124,"[5, 2, 7, 7, 7, 2, 3, 1, 0, 4, 4, 1, 9, 7, 6, 3, 0, 1, 9, 8, 7, 8, 6, 1, 2, 2, 0, 0, 9, 7, 3, 9, 4, 4, 8, 0, 3, 1, 9, 6, 7, 8, 1, 4, 7, 8, 4, 4, 6, 5, 2, 9, 7, 6, 9, 1, 8, 2, 2, 4, 5, 8, 3, 7, 8, 4, 2, 1, 0, 6, 3, 2, 8, 8, 2, 3, 4, 6, 6, 7, 9, 4, 5, 1, 9, 2, 4, 7, 7, 1, 6, 6, 5, 7, 2, 8, 1, 2, 8, 6, 7, 4, 0, 1, 6, 7, 8, 7, 5, 8, 3, 2, 1, 9, 9, 3, 2, 1, 6, 9, 9, 9, 4, 1, 6, 7, 2, 3, 0, 7, 4, 2, 0, 8, 6, 6, 3, 3, 8, 7, 9, 8, 6, 1, 5, 0, 1, 7, 5, 7, 0, 8, 5, 5, 9, 7, 4, 1, 8, 8, 0, 5, 1, 5, 6, 5, 6, 1, 5, 8, 5, 9, 3, 8, 8, 0, 2, 5, 1, 7, 2]"
182,0.1235177000053227,0.002793699997710064,1.3878766536484034e+238,0.18171340000117198,0.22895560000324622,1.0643630761452799e-11,0.15435369999613613,0.048804800026118755,1.2505552149377763e-12,4.799387683327045e-16,818.9413665320661,818.9413665320674,"[0, 4, 5, 3, 4, 5, 4, 4, 1, 6, 5, 7, 5, 4, 9, 0, 5, 3, 0, 3, 5, 2, 5, 2, 4, 4, 5, 7, 9, 4, 4, 2, 1, 6, 9, 1, 3, 2, 8, 1, 0, 3, 0, 1, 4, 4, 7, 1, 0, 4, 1, 3, 2, 4, 2, 0, 1, 7, 3, 9, 3, 4, 5, 5, 7, 9, 4, 4, 1, 8, 4, 6, 9, 9, 2, 1, 0, 6, 9, 4, 4, 8, 0, 4, 3, 7, 1, 6, 6, 6, 3, 5, 6, 4, 7, 4, 3, 5, 4, 2, 9, 8, 1, 9, 3, 3, 7, 4, 9, 7, 1, 2, 3, 6, 4, 4, 7, 1, 9, 4, 3, 6, 6, 1, 4, 8, 9, 2, 5, 3, 4, 3, 1, 7, 8, 9, 0, 1, 2, 6, 0, 8, 3, 3, 9, 7, 8, 5, 1, 3, 9, 7, 2, 2, 0, 7, 8, 6, 8, 3, 4, 6, 7, 6, 1, 6, 2, 3, 1, 9, 7, 3, 2, 3, 3, 8, 9, 9, 4, 4, 9, 4]"
183,0.14852529999916442,0.0009384999866597354,6.633827835445656e+238,0.2557911000039894,0.14083750001736917,1.6970062887862137e-11,0.19868240001960658,0.046668399998452514,5.684341886080801e-13,5.131029364540171e-16,824.6264643327735,824.626464332774,"[7, 7, 9, 0, 8, 3, 8, 8, 0, 7, 4, 6, 7, 9, 9, 0, 6, 4, 8, 0, 3, 1, 0, 2, 1, 1, 9, 9, 8, 5, 4, 2, 8, 2, 5, 1, 8, 0, 6, 2, 5, 5, 3, 2, 0, 2, 5, 9, 3, 4, 8, 8, 5, 9, 0, 4, 8, 7, 4, 1, 8, 0, 9, 0, 6, 7, 4, 9, 9, 6, 2, 6, 0, 1, 6, 8, 1, 3, 6, 3, 3, 5, 0, 4, 6, 5, 0, 5, 8, 2, 7, 8, 2, 9, 1, 6, 1, 7, 7, 9, 5, 9, 1, 4, 1, 2, 6, 0, 4, 3, 8, 6, 6, 9, 4, 5, 2, 7, 1, 5, 1, 6, 9, 2, 7, 5, 2, 2, 0, 3, 7, 3, 6, 6, 9, 2, 2, 6, 7, 8, 0, 4, 6, 1, 8, 0, 8, 4, 9, 4, 7, 7, 9, 4, 1, 8, 3, 4, 8, 5, 0, 5, 8, 1, 7, 7, 2, 9, 9, 0, 4, 0, 3, 6, 3, 3, 3, 0, 2, 7, 8, 9, 3]"
184,0.11293230002047494,0.0007927999831736088,8.806793085691757e+241,0.16616919997613877,0.2529295000131242,2.9489152103421446e-10,0.12695410000742413,0.04722039998159744,6.821210263296962e-13,6.714612423521196e-16,828.6621366405425,828.6621366405432,"[2, 2, 5, 6, 8, 5, 6, 4, 1, 2, 5, 1, 6, 0, 6, 3, 0, 4, 7, 1, 4, 7, 9, 9, 0, 1, 4, 4, 2, 5, 3, 1, 7, 0, 3, 5, 5, 1, 1, 0, 1, 9, 2, 0, 4, 7, 4, 6, 6, 9, 9, 6, 1, 2, 8, 7, 8, 6, 7, 7, 1, 6, 4, 4, 7, 3, 6, 4, 0, 5, 7, 3, 5, 9, 2, 9, 4, 7, 8, 0, 2, 2, 2, 6, 9, 8, 3, 8, 0, 0, 2, 1, 9, 7, 4, 3, 5, 9, 7, 4, 7, 9, 9, 3, 9, 1, 4, 1, 5, 7, 6, 5, 6, 0, 4, 4, 1, 3, 8, 9, 5, 3, 3, 6, 4, 3, 7, 3, 7, 6, 4, 8, 5, 0, 1, 6, 9, 9, 9, 6, 8, 7, 6, 6, 6, 0, 6, 5, 1, 0, 0, 5, 8, 6, 0, 5, 0, 3, 4, 1, 8, 5, 0, 6, 1, 4, 9, 2, 9, 2, 0, 9, 3, 6, 5, 2, 0, 4, 8, 3, 3, 1, 0, 7]"
185,0.09300249998341314,0.000760499999159947,2.918056476116882e+245,0.13498729999992065,0.2504356999997981,1.6403982239712438e-11,0.12151699999230914,0.024141800007782876,5.684341886080801e-13,6.318585897742263e-16,829.957032490306,829.9570324903066,"[0, 7, 0, 4, 4, 6, 4, 9, 5, 6, 1, 3, 1, 4, 1, 4, 2, 3, 1, 9, 5, 1, 3, 8, 4, 4, 7, 7, 5, 7, 7, 7, 5, 1, 2, 6, 8, 4, 2, 7, 2, 3, 6, 4, 4, 4, 7, 1, 8, 2, 3, 1, 6, 9, 5, 0, 9, 1, 2, 1, 6, 3, 3, 0, 0, 6, 6, 2, 5, 7, 4, 7, 1, 9, 0, 6, 5, 5, 1, 5, 9, 0, 9, 5, 0, 6, 6, 6, 3, 7, 7, 1, 0, 2, 7, 6, 6, 1, 5, 4, 5, 1, 6, 1, 4, 4, 9, 0, 3, 9, 2, 4, 9, 7, 7, 2, 8, 9, 8, 7, 0, 8, 3, 5, 0, 9, 1, 0, 5, 8, 5, 4, 7, 7, 6, 6, 2, 3, 9, 5, 5, 2, 0, 3, 7, 1, 8, 3, 6, 3, 5, 6, 4, 2, 2, 3, 6, 4, 6, 6, 9, 3, 3, 5, 1, 5, 5, 4, 7, 7, 6, 0, 4, 8, 6, 7, 7, 5, 4, 5, 3, 5, 2, 4, 8]"
186,0.08692520001204684,0.0007846000080462545,9.101787607018244e+243,0.1324185999983456,0.23363490001065657,1.3951753769343433e-08,0.12696039999718778,0.02408219999051653,5.684341886080801e-13,5.583977596626741e-16,835.9457170061748,835.9457170061754,"[8, 7, 1, 5, 6, 2, 7, 9, 6, 3, 5, 2, 8, 3, 7, 3, 7, 8, 9, 8, 9, 1, 1, 8, 3, 1, 6, 2, 5, 8, 1, 3, 6, 7, 8, 9, 4, 3, 5, 7, 0, 2, 0, 2, 9, 4, 3, 0, 7, 3, 8, 8, 3, 0, 4, 9, 1, 1, 8, 7, 2, 4, 4, 2, 0, 3, 3, 6, 0, 9, 3, 9, 5, 9, 0, 5, 0, 4, 6, 6, 1, 0, 7, 0, 0, 2, 7, 0, 3, 2, 8, 3, 5, 6, 2, 3, 6, 5, 8, 1, 8, 9, 2, 7, 6, 9, 2, 4, 9, 7, 7, 4, 8, 3, 2, 4, 2, 8, 5, 7, 0, 9, 4, 3, 0, 4, 7, 6, 8, 5, 6, 6, 2, 8, 8, 3, 1, 4, 3, 7, 7, 8, 7, 5, 6, 3, 2, 8, 9, 2, 1, 3, 9, 3, 0, 2, 1, 2, 6, 3, 8, 9, 2, 8, 7, 2, 5, 1, 4, 6, 8, 4, 6, 6, 0, 3, 4, 3, 4, 7, 7, 8, 4, 0, 9, 0]"
187,0.09096609998960048,0.031077199993887916,6.493045734161087e+245,0.13513189999503084,0.2834261000098195,7.487682895256434e-09,0.11041839999961667,0.023118300014175475,4.547473508864641e-13,5.652537286686771e-16,841.9852584986992,841.9852584986987,"[2, 0, 2, 5, 4, 8, 4, 0, 0, 6, 9, 2, 2, 9, 4, 9, 1, 8, 9, 7, 2, 0, 2, 0, 9, 9, 7, 4, 7, 4, 6, 9, 8, 4, 3, 1, 0, 1, 6, 7, 3, 4, 1, 6, 5, 9, 2, 6, 0, 1, 2, 9, 0, 5, 4, 1, 9, 1, 0, 8, 1, 9, 3, 8, 1, 0, 7, 7, 1, 6, 9, 6, 8, 0, 0, 5, 9, 7, 7, 2, 1, 7, 4, 6, 3, 5, 2, 8, 8, 4, 1, 5, 5, 5, 4, 3, 3, 1, 9, 7, 6, 8, 5, 7, 6, 6, 0, 9, 2, 4, 8, 2, 2, 3, 2, 7, 1, 6, 9, 1, 3, 2, 5, 5, 2, 9, 4, 3, 2, 9, 8, 8, 5, 9, 3, 7, 1, 1, 8, 8, 2, 6, 8, 4, 7, 8, 3, 2, 6, 2, 0, 6, 7, 1, 4, 8, 6, 2, 1, 0, 3, 8, 8, 3, 1, 6, 2, 6, 3, 9, 8, 3, 2, 3, 6, 3, 9, 3, 3, 4, 7, 0, 1, 4, 0, 0, 6]"
188,0.08707939999294467,0.016030099999625236,1.4584707920518522e+248,0.14587040001060814,0.3299286999972537,1.0954972684163039e-11,0.10728529997868463,0.035205199994379655,4.547473508864641e-13,5.437189039048033e-16,844.8892951420831,844.8892951420827,"[5, 2, 7, 5, 3, 0, 2, 2, 5, 8, 5, 2, 1, 3, 1, 9, 2, 3, 7, 7, 3, 6, 9, 8, 1, 7, 7, 2, 9, 8, 3, 4, 6, 1, 3, 2, 3, 7, 9, 2, 1, 1, 5, 5, 1, 2, 0, 6, 7, 7, 6, 7, 9, 6, 3, 5, 4, 9, 7, 2, 3, 5, 2, 5, 9, 7, 5, 9, 4, 8, 7, 8, 6, 4, 6, 5, 9, 3, 0, 5, 8, 4, 6, 9, 2, 9, 8, 7, 7, 6, 3, 9, 3, 8, 1, 9, 1, 6, 1, 3, 0, 3, 6, 9, 8, 3, 6, 0, 8, 3, 7, 9, 4, 6, 7, 6, 8, 0, 2, 5, 4, 3, 1, 6, 8, 5, 9, 3, 8, 1, 8, 4, 2, 2, 5, 3, 0, 8, 4, 3, 0, 6, 7, 2, 5, 6, 1, 5, 0, 4, 9, 0, 7, 6, 6, 9, 6, 0, 5, 6, 0, 1, 6, 6, 1, 5, 6, 6, 8, 9, 3, 4, 0, 0, 8, 1, 7, 7, 6, 1, 5, 2, 2, 0, 0, 6, 5, 9]"
189,0.118372900004033,0.0007580000092275441,3.040611167369824e+249,0.15541099998517893,0.18275059998268262,3.680298058304557e-12,0.13447819999419153,0.06528850001632236,1.0231815394945443e-12,7.834499813492958e-16,851.7592316110794,851.7592316110804,"[7, 0, 4, 5, 5, 8, 8, 9, 7, 0, 2, 9, 2, 3, 7, 3, 2, 6, 5, 3, 0, 3, 3, 6, 1, 0, 6, 4, 1, 9, 5, 1, 8, 3, 1, 3, 0, 6, 6, 8, 6, 7, 9, 2, 0, 4, 1, 6, 2, 3, 7, 8, 1, 1, 5, 7, 3, 2, 2, 3, 0, 0, 4, 5, 5, 6, 9, 2, 7, 8, 3, 6, 9, 9, 6, 5, 1, 2, 7, 8, 0, 1, 3, 6, 6, 1, 2, 3, 1, 6, 7, 9, 7, 6, 4, 9, 4, 6, 2, 2, 2, 2, 3, 1, 6, 2, 9, 5, 0, 3, 9, 1, 5, 3, 1, 7, 1, 4, 3, 3, 5, 8, 3, 6, 5, 3, 6, 9, 1, 7, 4, 3, 8, 8, 5, 6, 2, 9, 1, 4, 9, 6, 3, 9, 7, 7, 4, 6, 4, 9, 4, 8, 2, 3, 9, 1, 8, 5, 3, 0, 9, 9, 9, 0, 5, 3, 8, 3, 3, 4, 3, 3, 9, 5, 0, 0, 8, 4, 4, 9, 3, 4, 9, 9, 8, 9, 7, 1, 4]"
190,0.10875610000221059,0.0011701999756041914,4.677916042734375e+252,0.16315730000496842,0.23969230000511743,5.846954177676684e-10,0.13092090000282042,0.043755399994552135,4.547473508864641e-13,5.959374814064025e-16,852.1656367017612,852.1656367017616,"[8, 2, 3, 5, 7, 3, 1, 4, 0, 2, 4, 6, 4, 6, 4, 8, 8, 6, 3, 6, 3, 8, 3, 9, 4, 7, 5, 3, 3, 5, 6, 3, 6, 0, 0, 0, 2, 1, 7, 4, 2, 4, 0, 7, 9, 6, 1, 7, 0, 6, 3, 5, 9, 3, 9, 6, 1, 6, 7, 4, 8, 0, 0, 0, 5, 6, 9, 8, 8, 0, 0, 8, 5, 8, 6, 3, 3, 0, 3, 1, 2, 4, 4, 5, 0, 7, 8, 8, 8, 6, 1, 3, 3, 7, 3, 2, 5, 6, 8, 8, 5, 6, 4, 1, 9, 4, 3, 6, 9, 6, 6, 2, 0, 7, 6, 9, 4, 8, 7, 8, 9, 4, 3, 3, 1, 7, 1, 7, 8, 3, 8, 9, 6, 4, 1, 0, 9, 5, 3, 4, 3, 4, 9, 8, 5, 5, 5, 1, 0, 6, 0, 8, 0, 9, 2, 8, 3, 0, 1, 3, 3, 4, 7, 8, 7, 5, 1, 2, 6, 7, 1, 1, 2, 6, 6, 0, 9, 7, 6, 5, 1, 0, 9, 4, 8, 3, 1, 7, 0, 8]"
191,0.10093939999933355,0.0009726999851409346,2.1296604926375943e+253,0.1469593000074383,0.29708069999469444,5.635611053978265e-12,0.1198621999938041,0.04715900000883266,1.1368683772161603e-13,7.286829802236092e-16,859.3511098914518,859.3511098914519,"[6, 0, 2, 4, 7, 0, 7, 2, 9, 2, 3, 6, 3, 5, 1, 6, 1, 7, 1, 5, 9, 7, 7, 5, 7, 7, 3, 6, 0, 6, 1, 2, 9, 8, 3, 8, 1, 2, 1, 1, 2, 6, 6, 5, 6, 3, 7, 5, 0, 1, 1, 6, 6, 4, 4, 7, 2, 5, 6, 2, 3, 1, 7, 0, 7, 7, 3, 5, 6, 2, 0, 4, 3, 4, 7, 1, 7, 9, 6, 6, 3, 9, 5, 8, 7, 7, 4, 1, 1, 8, 9, 3, 9, 0, 8, 9, 2, 4, 9, 6, 8, 1, 5, 1, 7, 4, 1, 8, 4, 2, 4, 3, 3, 5, 3, 4, 2, 9, 6, 8, 5, 7, 3, 8, 3, 5, 9, 1, 6, 2, 4, 9, 4, 5, 6, 9, 1, 0, 5, 3, 1, 4, 1, 3, 3, 2, 7, 5, 3, 6, 5, 5, 6, 4, 6, 0, 1, 8, 7, 6, 9, 4, 2, 0, 4, 3, 0, 4, 6, 3, 8, 2, 3, 2, 5, 2, 8, 8, 9, 8, 8, 5, 3, 6, 7, 9, 6, 6, 5, 9, 6]"
192,0.11904109999886714,0.0007770999800413847,2.3066345994018103e+255,0.15972520000650547,0.15647839999292046,8.159669155165154e-11,0.12109540001256391,0.05816529999719933,2.2737367544323206e-13,4.968945752073006e-16,860.8386701045102,860.8386701045105,"[7, 4, 2, 4, 3, 3, 1, 3, 7, 5, 0, 8, 0, 8, 4, 9, 7, 3, 8, 0, 7, 0, 8, 8, 5, 6, 5, 6, 1, 3, 9, 7, 3, 4, 8, 1, 4, 4, 0, 2, 6, 9, 5, 2, 4, 1, 6, 3, 5, 9, 8, 8, 0, 2, 6, 4, 2, 6, 2, 7, 9, 4, 0, 7, 1, 7, 5, 4, 2, 0, 7, 4, 0, 4, 1, 6, 2, 9, 8, 3, 9, 9, 2, 1, 4, 0, 5, 1, 8, 4, 3, 5, 9, 1, 9, 0, 8, 5, 7, 0, 3, 4, 9, 3, 1, 5, 2, 2, 2, 6, 1, 6, 2, 0, 3, 0, 6, 1, 9, 1, 2, 2, 7, 8, 0, 8, 5, 8, 2, 0, 2, 5, 7, 6, 0, 5, 2, 9, 0, 0, 5, 5, 7, 8, 1, 7, 9, 4, 9, 8, 1, 1, 2, 9, 0, 8, 3, 7, 9, 3, 5, 2, 8, 8, 7, 8, 7, 3, 3, 5, 3, 9, 0, 5, 2, 9, 5, 1, 3, 3, 8, 3, 2, 1, 7, 5, 0, 3, 6, 5, 4, 7]"
193,0.12371029998757876,0.004218599991872907,9.19426235289112e+255,0.17496629999368452,0.22084150000591762,6.515567104440577e-10,0.14983730000676587,0.04131929998402484,3.410605131648481e-13,8.157259317845608e-16,869.1245282940633,869.1245282940637,"[3, 4, 5, 2, 0, 8, 0, 6, 4, 0, 8, 8, 1, 6, 8, 5, 7, 6, 6, 5, 9, 3, 5, 9, 0, 2, 8, 6, 2, 4, 9, 2, 3, 5, 0, 1, 9, 1, 1, 2, 0, 7, 9, 1, 7, 3, 9, 6, 5, 7, 5, 9, 5, 6, 9, 0, 2, 5, 9, 5, 9, 5, 7, 2, 4, 2, 9, 8, 9, 1, 4, 6, 4, 4, 2, 9, 4, 5, 7, 0, 0, 0, 1, 1, 5, 8, 3, 0, 2, 2, 9, 0, 4, 5, 0, 2, 3, 2, 9, 2, 1, 2, 8, 9, 7, 2, 1, 4, 6, 9, 5, 0, 3, 9, 1, 2, 3, 1, 7, 4, 6, 9, 2, 5, 3, 0, 3, 0, 4, 1, 1, 1, 6, 6, 9, 3, 1, 0, 1, 3, 1, 6, 9, 5, 1, 8, 7, 3, 3, 5, 4, 5, 2, 6, 0, 3, 7, 6, 6, 0, 4, 4, 1, 6, 3, 9, 4, 4, 8, 9, 1, 8, 7, 1, 4, 5, 5, 6, 1, 1, 0, 6, 5, 5, 8, 1, 7, 3, 9, 2, 5, 7, 7]"
194,0.10822090000147,0.01540279999608174,2.426452900059769e+257,0.1602454999811016,0.30712559999665245,1.810506146013433e-11,0.1207767000014428,0.03870430000824854,5.684341886080801e-13,5.843521020239911e-16,869.5505153301579,869.5505153301584,"[5, 3, 7, 6, 5, 0, 4, 2, 7, 5, 2, 4, 2, 7, 4, 8, 7, 6, 4, 2, 2, 1, 9, 8, 0, 0, 9, 3, 7, 4, 9, 9, 1, 7, 0, 3, 0, 8, 0, 1, 0, 2, 9, 5, 7, 4, 9, 7, 4, 0, 0, 0, 8, 7, 4, 1, 8, 2, 4, 9, 1, 2, 6, 4, 1, 0, 1, 0, 0, 0, 1, 9, 1, 3, 7, 4, 3, 2, 7, 1, 1, 2, 6, 0, 1, 6, 3, 2, 3, 5, 5, 5, 7, 0, 2, 5, 3, 6, 9, 2, 2, 7, 8, 4, 4, 0, 9, 6, 6, 5, 7, 3, 2, 2, 9, 6, 4, 4, 7, 4, 4, 0, 2, 7, 4, 6, 6, 9, 8, 8, 7, 4, 5, 3, 4, 3, 3, 3, 0, 6, 0, 7, 8, 8, 9, 8, 5, 9, 6, 9, 5, 3, 5, 3, 9, 4, 2, 8, 6, 9, 7, 0, 4, 7, 6, 8, 7, 2, 2, 7, 5, 5, 1, 7, 5, 1, 3, 5, 1, 0, 6, 7, 9, 8, 1, 5, 8, 0, 6, 7, 9, 0, 9, 0]"
195,0.10298409999813884,0.0010377999860793352,3.2076916703424114e+261,0.16159620002144948,0.23419320001266897,4.5206979790399485e-12,0.1407572999887634,0.0208089999796357,6.821210263296962e-13,5.762207236921972e-16,877.8432210899507,877.8432210899514,"[5, 2, 3, 2, 5, 8, 5, 5, 5, 3, 9, 2, 8, 8, 6, 6, 4, 6, 9, 4, 0, 1, 3, 8, 2, 4, 2, 7, 3, 5, 6, 0, 3, 6, 8, 9, 2, 1, 2, 6, 9, 0, 8, 2, 7, 9, 3, 0, 5, 9, 2, 3, 9, 5, 9, 0, 6, 9, 4, 7, 3, 9, 6, 5, 3, 1, 9, 5, 0, 6, 7, 7, 4, 4, 7, 3, 5, 1, 4, 4, 3, 9, 7, 5, 9, 0, 6, 3, 2, 4, 5, 4, 0, 9, 7, 9, 3, 9, 5, 3, 6, 4, 6, 0, 7, 2, 3, 5, 1, 7, 6, 4, 5, 9, 1, 9, 3, 6, 3, 4, 9, 1, 6, 8, 9, 4, 8, 8, 8, 2, 4, 9, 8, 8, 6, 5, 6, 7, 5, 7, 4, 9, 9, 3, 6, 4, 6, 2, 0, 6, 5, 0, 3, 1, 3, 7, 0, 7, 0, 3, 9, 2, 9, 6, 6, 4, 1, 0, 0, 3, 5, 3, 9, 0, 4, 3, 0, 0, 3, 1, 6, 2, 7, 5, 7, 9, 7, 3, 2, 7, 3, 5, 4, 7, 4]"
196,0.11740459999418817,0.000829099997645244,3.527219094093168e+259,0.24612510000588372,0.26547670000582,2.892529377970784e-10,0.13379180000629276,0.03528770001139492,5.684341886080801e-13,8.524396565254951e-16,881.8238517422583,881.8238517422589,"[8, 1, 1, 8, 9, 7, 4, 5, 5, 0, 5, 9, 7, 2, 4, 5, 6, 1, 0, 2, 1, 3, 4, 5, 9, 8, 7, 4, 2, 5, 5, 6, 3, 2, 9, 0, 0, 2, 9, 9, 7, 9, 4, 2, 5, 0, 4, 5, 6, 8, 7, 1, 9, 1, 9, 8, 7, 3, 0, 4, 4, 7, 4, 2, 0, 7, 1, 1, 9, 1, 0, 3, 5, 1, 4, 2, 6, 4, 7, 4, 3, 2, 8, 0, 3, 1, 6, 6, 4, 3, 9, 9, 0, 3, 8, 4, 2, 1, 2, 0, 1, 9, 0, 1, 2, 3, 1, 9, 9, 3, 3, 2, 5, 3, 8, 6, 8, 8, 8, 5, 7, 4, 4, 8, 8, 0, 6, 7, 4, 2, 2, 7, 8, 4, 6, 8, 0, 4, 3, 1, 6, 5, 1, 6, 2, 8, 6, 8, 7, 6, 5, 2, 7, 4, 0, 0, 4, 3, 2, 9, 9, 2, 3, 0, 9, 8, 3, 5, 9, 1, 0, 9, 8, 0, 1, 9, 1, 2, 0, 8, 1, 0, 3, 0, 3, 3, 0, 6, 8, 2, 1, 9, 1, 4, 2, 4]"
197,0.1030429000093136,0.0009081000171136111,1.1139857675038158e+263,0.17417420001584105,0.23799700001836754,1.7325247115172204e-10,0.15279300001566298,0.051498399989213794,6.821210263296962e-13,8.645817252667881e-16,885.4505568458137,885.4505568458144,"[2, 5, 9, 3, 6, 3, 3, 7, 3, 0, 9, 2, 1, 8, 4, 3, 3, 5, 9, 4, 5, 2, 9, 6, 3, 5, 8, 8, 3, 5, 8, 3, 6, 1, 8, 7, 0, 9, 1, 6, 2, 3, 8, 8, 6, 8, 2, 2, 4, 2, 4, 9, 5, 0, 9, 3, 1, 8, 9, 6, 0, 7, 1, 6, 8, 0, 1, 2, 4, 9, 5, 7, 4, 6, 4, 6, 0, 0, 4, 3, 5, 4, 7, 9, 3, 0, 9, 1, 3, 8, 0, 6, 0, 2, 3, 7, 1, 0, 8, 6, 2, 8, 9, 7, 9, 8, 8, 6, 2, 6, 5, 6, 9, 1, 2, 3, 9, 6, 8, 7, 3, 4, 1, 8, 9, 9, 1, 3, 0, 7, 5, 0, 8, 9, 3, 3, 9, 8, 4, 6, 6, 5, 5, 0, 5, 0, 4, 4, 2, 5, 9, 7, 8, 8, 5, 4, 3, 2, 1, 8, 3, 2, 1, 0, 6, 8, 3, 8, 0, 2, 6, 1, 9, 1, 3, 6, 4, 4, 8, 5, 9, 8, 5, 4, 6, 5, 4, 2, 2, 5, 0, 8, 6, 6, 2, 3, 6]"
198,0.1049345999781508,0.025118199991993606,1.541869157620657e+265,0.15765509998891503,0.2736878000141587,3.9065463575188025e-11,0.12198039999930188,0.03881909998017363,3.410605131648481e-13,6.036837696399289e-16,888.5143131283859,888.5143131283855,"[1, 1, 3, 8, 8, 8, 4, 7, 7, 4, 7, 9, 9, 9, 9, 6, 8, 1, 7, 6, 6, 8, 7, 1, 2, 6, 0, 6, 9, 1, 2, 7, 7, 1, 3, 0, 5, 2, 7, 2, 6, 1, 4, 3, 5, 2, 8, 6, 1, 8, 5, 6, 9, 3, 0, 9, 6, 4, 0, 2, 6, 0, 4, 5, 3, 7, 4, 0, 1, 0, 2, 0, 1, 9, 3, 6, 4, 4, 3, 8, 2, 7, 3, 4, 6, 5, 0, 7, 2, 1, 0, 3, 9, 5, 7, 0, 4, 0, 8, 4, 7, 1, 7, 6, 1, 7, 2, 1, 5, 3, 5, 1, 8, 0, 2, 5, 7, 5, 1, 1, 5, 8, 7, 0, 2, 7, 3, 2, 3, 8, 6, 1, 8, 3, 4, 8, 4, 7, 9, 5, 3, 1, 4, 4, 5, 3, 8, 5, 3, 4, 1, 1, 7, 8, 5, 2, 3, 3, 9, 6, 6, 5, 6, 8, 7, 7, 3, 0, 3, 1, 6, 2, 3, 1, 6, 1, 9, 6, 3, 4, 0, 1, 6, 7, 2, 1, 6, 1, 8, 9, 3, 4, 9, 2, 6, 0, 8, 3]"
199,0.1070451999839861,0.029668599978322163,1.5744403932561435e+262,0.16362480001407675,0.32159420000971295,7.033089422020406e-12,0.13676970000960864,0.025324199988972396,5.684341886080801e-13,5.444268715274767e-16,894.8559037257667,894.8559037257661,"[1, 5, 5, 6, 6, 6, 7, 4, 3, 3, 6, 5, 2, 1, 8, 8, 1, 6, 8, 6, 6, 5, 7, 1, 5, 8, 6, 8, 7, 1, 2, 3, 3, 7, 9, 1, 0, 5, 3, 0, 4, 8, 5, 3, 7, 6, 8, 3, 7, 8, 6, 0, 1, 5, 0, 3, 4, 9, 3, 7, 8, 9, 1, 0, 7, 3, 9, 3, 0, 1, 6, 0, 1, 7, 4, 1, 3, 8, 2, 6, 9, 4, 2, 6, 3, 1, 2, 6, 6, 1, 9, 7, 8, 8, 7, 1, 6, 7, 6, 5, 7, 0, 2, 7, 8, 0, 1, 1, 2, 0, 5, 8, 4, 0, 8, 0, 6, 9, 9, 0, 0, 4, 2, 8, 9, 6, 2, 5, 7, 7, 8, 8, 0, 9, 6, 2, 0, 7, 4, 9, 7, 8, 5, 7, 0, 6, 1, 7, 7, 7, 1, 3, 5, 0, 8, 8, 0, 2, 7, 3, 6, 2, 9, 8, 2, 2, 7, 0, 9, 1, 6, 2, 0, 6, 5, 5, 8, 0, 5, 9, 1, 4, 7, 6, 0, 9, 8, 0, 8, 4, 0, 4, 5, 5, 7, 1, 0, 7, 9]"
200,0.1189961000054609,0.08779819999472238,1.8178866646229814e+268,0.1761555999983102,0.2606796000036411,3.2409373141499055e-10,0.15207909999298863,0.024702099995920435,3.410605131648481e-13,5.969465536882245e-16,900.2579508591862,900.2579508591865,"[1, 9, 3, 6, 3, 0, 4, 6, 3, 7, 5, 7, 3, 5, 0, 5, 7, 9, 3, 8, 1, 9, 0, 7, 3, 7, 9, 1, 5, 0, 0, 1, 6, 0, 6, 0, 6, 1, 1, 6, 0, 6, 5, 1, 4, 4, 1, 0, 5, 7, 7, 7, 8, 3, 6, 4, 2, 1, 7, 3, 9, 2, 1, 0, 0, 3, 8, 8, 4, 6, 4, 8, 4, 0, 1, 9, 5, 5, 6, 6, 1, 4, 0, 0, 0, 4, 8, 6, 2, 2, 1, 2, 6, 9, 8, 8, 4, 7, 9, 2, 0, 1, 9, 4, 5, 8, 2, 0, 5, 5, 0, 6, 5, 2, 2, 2, 5, 1, 2, 5, 9, 4, 5, 6, 5, 7, 5, 0, 9, 0, 8, 7, 0, 6, 3, 0, 8, 3, 8, 1, 9, 7, 6, 6, 6, 1, 9, 9, 0, 8, 4, 8, 0, 5, 6, 3, 5, 1, 9, 4, 2, 4, 7, 5, 4, 1, 9, 3, 4, 8, 0, 6, 8, 2, 0, 5, 5, 4, 8, 5, 8, 2, 6, 1, 4, 8, 5, 9, 3, 4, 8, 5, 1, 5, 5, 4, 3, 3, 7, 3]"
201,0.1583243000204675,0.001215800002682954,1.6670426794258968e+269,0.24184729999979027,0.07946409998112358,1.1553408991403561e-11,0.4138466000149492,0.025331600016215816,4.547473508864641e-13,5.889482005950448e-16,907.2643417363759,907.2643417363754,"[1, 2, 9, 4, 8, 9, 0, 8, 3, 7, 0, 2, 1, 1, 3, 3, 0, 0, 1, 9, 9, 4, 0, 9, 7, 3, 0, 7, 6, 2, 9, 6, 0, 2, 6, 2, 4, 2, 2, 2, 4, 7, 5, 3, 1, 8, 0, 0, 9, 6, 2, 3, 8, 6, 4, 6, 6, 2, 5, 5, 3, 8, 8, 2, 8, 7, 8, 9, 4, 8, 4, 2, 4, 0, 0, 9, 1, 7, 1, 0, 1, 4, 7, 7, 6, 9, 2, 6, 5, 2, 4, 0, 4, 5, 8, 4, 0, 2, 5, 5, 3, 6, 9, 0, 2, 7, 3, 3, 9, 0, 9, 9, 8, 0, 9, 9, 5, 6, 5, 9, 0, 1, 5, 5, 3, 0, 3, 8, 7, 2, 7, 6, 3, 5, 9, 0, 8, 6, 0, 6, 8, 2, 9, 0, 8, 4, 1, 8, 1, 9, 7, 7, 3, 6, 7, 3, 0, 8, 2, 8, 1, 8, 8, 7, 6, 1, 6, 9, 4, 9, 6, 0, 5, 7, 5, 2, 7, 7, 8, 9, 5, 7, 7, 7, 7, 7, 4, 6, 8, 8, 5, 8, 1, 5, 9, 1, 9, 3, 0, 1, 3]"
202,0.12699359998805448,0.07657770000514574,1.4001739747450362e+271,0.18656649999320507,0.261379899980966,3.474562503710476e-10,0.12702030001673847,0.025737499992828816,2.2737367544323206e-13,6.546139416680338e-16,907.9187527697002,907.9187527697004,"[6, 6, 2, 7, 9, 3, 7, 8, 7, 8, 9, 2, 1, 1, 5, 7, 9, 8, 5, 9, 2, 5, 6, 8, 0, 4, 0, 5, 8, 7, 3, 7, 0, 8, 8, 0, 5, 3, 4, 2, 9, 8, 3, 9, 3, 8, 4, 9, 3, 1, 1, 8, 2, 0, 0, 4, 8, 5, 8, 0, 8, 6, 9, 4, 4, 6, 7, 6, 2, 7, 1, 6, 2, 3, 9, 2, 6, 5, 1, 0, 8, 5, 7, 7, 2, 7, 1, 2, 8, 0, 2, 4, 2, 2, 5, 7, 9, 7, 7, 6, 1, 9, 1, 5, 7, 2, 0, 1, 6, 0, 9, 9, 9, 4, 3, 6, 6, 1, 1, 5, 6, 3, 9, 6, 4, 7, 8, 0, 0, 8, 4, 1, 4, 5, 9, 1, 3, 4, 3, 2, 6, 5, 7, 6, 4, 8, 1, 7, 4, 1, 3, 7, 6, 3, 4, 5, 5, 4, 0, 1, 3, 1, 6, 9, 9, 9, 0, 0, 3, 4, 7, 6, 4, 4, 8, 4, 4, 0, 9, 2, 4, 1, 8, 4, 0, 3, 6, 4, 7, 3, 8, 5, 8, 9, 0, 8, 9, 2, 1, 2, 3, 0]"
203,0.11636399998678826,0.07460019999416545,3.255615048123537e+272,0.18187179998494685,0.25441009999485686,1.0685668202160968e-11,0.13763280000421219,0.04039770000963472,4.547473508864641e-13,6.291093732981388e-16,912.4962880104729,912.4962880104733,"[3, 4, 4, 2, 7, 8, 1, 4, 1, 4, 2, 1, 2, 4, 0, 8, 3, 3, 0, 3, 9, 4, 5, 3, 6, 2, 9, 3, 8, 2, 7, 6, 6, 8, 0, 8, 2, 1, 4, 1, 8, 5, 2, 9, 2, 5, 2, 4, 7, 2, 1, 7, 7, 7, 5, 8, 6, 2, 8, 6, 4, 4, 6, 9, 4, 3, 3, 2, 3, 9, 7, 1, 9, 1, 7, 8, 1, 9, 5, 0, 9, 4, 8, 8, 3, 2, 6, 0, 1, 9, 3, 2, 2, 3, 8, 9, 5, 2, 3, 3, 7, 7, 8, 6, 5, 1, 5, 6, 6, 9, 0, 7, 9, 4, 0, 6, 8, 1, 2, 4, 9, 9, 3, 6, 6, 4, 9, 7, 0, 2, 5, 3, 3, 7, 5, 9, 0, 3, 2, 8, 0, 8, 5, 2, 0, 6, 2, 2, 8, 8, 5, 3, 9, 8, 5, 5, 6, 4, 0, 7, 3, 1, 6, 1, 0, 7, 9, 9, 7, 0, 6, 0, 6, 6, 4, 8, 5, 5, 0, 5, 6, 0, 5, 1, 6, 1, 2, 0, 8, 9, 3, 4, 4, 6, 1, 1, 4, 2, 2, 2, 6, 8, 3]"
204,0.12096690002363175,0.07253430000855587,8.82185830180169e+273,0.17898319999221712,0.2608371999813244,1.5187564121502924e-09,0.1285271999950055,0.032360500015784055,7.958078640513122e-13,6.300653218411714e-16,919.364902311724,919.3649023117248,"[4, 5, 6, 5, 7, 3, 7, 9, 8, 3, 7, 6, 7, 7, 0, 0, 5, 4, 0, 4, 0, 7, 4, 9, 7, 6, 6, 2, 5, 6, 3, 9, 3, 5, 5, 1, 3, 0, 6, 8, 8, 8, 3, 5, 5, 0, 7, 1, 4, 9, 7, 5, 6, 4, 2, 7, 1, 5, 8, 9, 3, 5, 7, 3, 6, 0, 1, 5, 1, 9, 0, 4, 8, 2, 0, 8, 3, 8, 9, 2, 1, 7, 0, 6, 1, 7, 5, 7, 8, 6, 9, 2, 3, 3, 8, 8, 5, 0, 0, 4, 4, 8, 1, 2, 2, 2, 6, 9, 2, 6, 4, 4, 6, 0, 2, 2, 9, 5, 1, 1, 5, 0, 3, 4, 1, 7, 7, 5, 8, 4, 1, 6, 0, 9, 2, 4, 9, 9, 7, 4, 2, 3, 5, 2, 3, 4, 4, 3, 3, 8, 1, 1, 9, 7, 4, 4, 9, 8, 4, 2, 1, 4, 6, 9, 4, 4, 5, 1, 4, 7, 7, 0, 1, 2, 4, 0, 5, 4, 4, 8, 8, 3, 5, 8, 2, 1, 8, 5, 1, 5, 3, 8, 2, 1, 3, 7, 5, 0, 5, 9, 6, 4, 4, 4]"
205,0.12313180000637658,0.0788845999923069,3.4554688692521592e+274,0.19211890001315624,0.2387897000007797,2.914798338854143e-12,0.13810969999758527,0.038420299999415874,1.7053025658242404e-12,1.0306535115288647e-15,917.6561710021845,917.6561710021828,"[3, 7, 8, 8, 2, 9, 6, 4, 7, 0, 6, 7, 1, 4, 6, 6, 6, 6, 1, 9, 6, 9, 1, 6, 7, 3, 5, 7, 8, 8, 7, 1, 4, 9, 8, 5, 7, 8, 9, 7, 9, 6, 5, 8, 8, 5, 4, 4, 1, 2, 3, 0, 9, 6, 7, 8, 2, 4, 5, 8, 6, 2, 6, 0, 1, 0, 5, 6, 5, 3, 9, 4, 2, 8, 1, 1, 7, 7, 4, 7, 1, 4, 3, 3, 7, 8, 7, 2, 6, 6, 4, 0, 1, 7, 3, 3, 8, 5, 5, 5, 8, 1, 7, 8, 3, 8, 6, 8, 8, 7, 4, 8, 2, 4, 6, 2, 5, 6, 0, 6, 7, 1, 9, 3, 3, 5, 9, 4, 4, 9, 8, 4, 4, 0, 9, 5, 3, 4, 5, 0, 9, 1, 4, 3, 6, 2, 8, 0, 6, 4, 2, 5, 3, 0, 5, 7, 7, 4, 5, 3, 4, 4, 3, 2, 4, 1, 9, 8, 8, 3, 6, 2, 0, 2, 4, 8, 1, 5, 4, 5, 6, 9, 9, 6, 3, 9, 8, 1, 7, 8, 2, 8, 3, 9, 8, 1, 6, 8, 0, 5, 8, 6, 8, 8, 3]"
206,0.125192400009837,0.056624799995915964,8.688122569895696e+278,0.1978837999922689,0.23728589998790994,2.480783415708636e-11,0.15288429998327047,0.05476430000271648,6.821210263296962e-13,6.282669353882663e-16,924.6114288354269,924.6114288354275,"[4, 1, 4, 9, 5, 7, 1, 5, 0, 9, 6, 6, 4, 8, 6, 1, 3, 0, 9, 5, 7, 2, 8, 2, 0, 0, 9, 4, 9, 3, 6, 4, 0, 9, 7, 0, 4, 7, 0, 0, 2, 6, 9, 4, 6, 0, 2, 7, 7, 9, 2, 7, 6, 9, 8, 1, 8, 7, 5, 5, 5, 9, 2, 0, 2, 0, 2, 1, 9, 0, 4, 8, 3, 6, 2, 0, 5, 0, 6, 7, 2, 5, 8, 8, 3, 1, 6, 5, 4, 3, 3, 7, 0, 2, 0, 9, 0, 3, 3, 7, 2, 2, 6, 0, 7, 3, 7, 4, 6, 2, 0, 8, 9, 7, 2, 2, 2, 4, 3, 3, 0, 2, 2, 6, 1, 9, 8, 7, 3, 5, 8, 9, 8, 9, 6, 3, 7, 0, 2, 7, 0, 9, 5, 9, 8, 4, 1, 3, 3, 3, 7, 1, 1, 8, 2, 4, 7, 8, 0, 4, 3, 2, 3, 1, 6, 6, 3, 3, 9, 2, 9, 7, 5, 6, 6, 8, 0, 7, 9, 4, 6, 8, 4, 1, 4, 7, 3, 5, 7, 1, 7, 7, 8, 7, 4, 6, 6, 0, 0, 6, 3, 3, 1, 3, 3, 4]"
207,0.1508390000090003,0.07652850000886247,4.3712744209163584e+279,0.22359539999160916,0.23100629998953082,4.82812648031926e-11,0.13938819998293184,0.05155880001257174,6.821210263296962e-13,6.622555372253095e-16,931.0735811522858,931.0735811522865,"[1, 1, 7, 0, 3, 8, 6, 8, 0, 7, 7, 2, 9, 8, 4, 5, 1, 1, 4, 2, 0, 4, 2, 3, 2, 3, 2, 1, 4, 3, 4, 2, 4, 8, 9, 8, 5, 2, 4, 6, 7, 8, 9, 4, 6, 0, 5, 5, 3, 7, 9, 4, 3, 9, 3, 2, 1, 8, 2, 3, 6, 4, 5, 8, 7, 3, 6, 7, 5, 4, 4, 5, 8, 3, 2, 3, 5, 5, 0, 0, 5, 8, 7, 6, 1, 8, 8, 9, 6, 4, 6, 5, 6, 2, 6, 2, 2, 7, 7, 5, 1, 6, 5, 2, 7, 3, 5, 7, 8, 0, 2, 2, 1, 2, 1, 1, 1, 4, 1, 5, 0, 2, 9, 7, 1, 9, 9, 6, 9, 3, 4, 9, 2, 8, 8, 7, 5, 2, 9, 6, 2, 7, 7, 2, 0, 0, 6, 0, 7, 9, 6, 4, 6, 8, 5, 0, 4, 6, 1, 1, 4, 6, 2, 4, 6, 2, 0, 6, 2, 1, 2, 6, 8, 4, 6, 8, 0, 2, 0, 8, 7, 5, 3, 6, 3, 3, 5, 7, 4, 4, 3, 4, 3, 3, 0, 0, 0, 1, 9, 0, 9, 3, 3, 9, 7, 5, 6]"
208,0.13291470002150163,0.075943300005747,1.833145529502684e+282,0.21838669999851845,0.26071849997970276,6.097933309796636e-11,0.13503240002319217,0.05757639999501407,6.821210263296962e-13,5.24196580316439e-16,936.4392786473967,936.4392786473974,"[1, 1, 2, 5, 2, 2, 8, 0, 6, 1, 0, 9, 1, 2, 3, 2, 4, 8, 6, 3, 4, 9, 0, 6, 4, 7, 1, 4, 7, 1, 3, 3, 8, 8, 5, 5, 1, 0, 4, 8, 9, 2, 3, 8, 5, 4, 6, 8, 0, 2, 9, 4, 7, 9, 8, 8, 2, 6, 5, 8, 9, 2, 3, 8, 8, 3, 7, 4, 4, 2, 9, 8, 9, 1, 2, 0, 5, 7, 8, 2, 4, 7, 0, 4, 3, 9, 0, 3, 9, 1, 9, 8, 1, 1, 6, 0, 5, 2, 5, 3, 0, 3, 0, 3, 2, 7, 1, 1, 3, 8, 3, 5, 5, 6, 3, 6, 3, 1, 3, 9, 3, 3, 4, 9, 7, 4, 4, 7, 6, 9, 9, 8, 5, 2, 6, 2, 5, 0, 0, 3, 1, 4, 5, 8, 4, 5, 0, 8, 4, 0, 0, 2, 0, 6, 5, 4, 0, 6, 9, 6, 9, 7, 5, 1, 8, 3, 7, 5, 5, 2, 9, 7, 8, 1, 7, 7, 9, 1, 2, 9, 9, 6, 3, 0, 8, 4, 5, 4, 0, 4, 4, 3, 5, 3, 8, 0, 3, 7, 4, 8, 4, 1, 0, 1, 3, 2, 3, 0]"
209,0.12096909998217598,0.07408649998251349,1.227628907794658e+283,0.18933839999954216,0.24227509999764152,5.239573203214278e-09,0.1365337999886833,0.0392330999893602,1.0231815394945443e-12,5.650833432153205e-16,945.1304764530529,945.1304764530539,"[7, 4, 5, 9, 1, 2, 2, 4, 1, 4, 0, 4, 4, 0, 3, 0, 8, 6, 8, 3, 3, 5, 0, 1, 3, 8, 6, 1, 8, 2, 3, 4, 8, 9, 4, 9, 6, 3, 7, 9, 3, 6, 6, 9, 5, 8, 3, 3, 1, 8, 9, 8, 9, 7, 1, 8, 6, 6, 6, 4, 4, 6, 2, 1, 4, 7, 7, 6, 5, 6, 8, 5, 9, 6, 3, 1, 1, 7, 1, 3, 9, 1, 9, 5, 6, 2, 5, 8, 8, 5, 5, 7, 8, 7, 3, 6, 0, 6, 1, 3, 3, 8, 4, 2, 3, 8, 8, 6, 5, 8, 8, 0, 8, 1, 8, 0, 3, 8, 7, 1, 5, 3, 6, 2, 3, 0, 2, 1, 2, 3, 6, 5, 5, 2, 9, 2, 3, 7, 0, 6, 7, 3, 3, 6, 3, 3, 4, 1, 9, 7, 3, 3, 0, 9, 6, 1, 1, 1, 1, 8, 3, 9, 9, 5, 0, 2, 6, 0, 8, 9, 9, 5, 5, 2, 0, 9, 4, 6, 9, 2, 1, 1, 0, 5, 7, 7, 5, 7, 3, 2, 7, 9, 7, 1, 8, 5, 4, 0, 0, 0, 0, 6, 7, 2, 7, 2, 4, 5, 4]"
210,0.12134320000768639,0.10937719998764805,3.7047632196372267e+285,0.19345439999597147,0.22762950000469573,4.086173778426588e-12,0.1401237999962177,0.04020739998668432,5.684341886080801e-13,8.472557102325912e-16,945.2074205220661,945.2074205220666,"[8, 6, 5, 2, 5, 1, 9, 1, 2, 7, 2, 4, 7, 4, 4, 7, 6, 7, 6, 5, 8, 1, 8, 5, 0, 6, 7, 7, 9, 0, 3, 2, 8, 2, 5, 3, 4, 5, 8, 2, 9, 4, 8, 1, 3, 7, 2, 7, 5, 6, 9, 7, 0, 3, 9, 8, 5, 3, 8, 4, 1, 1, 3, 8, 6, 3, 1, 3, 7, 1, 6, 5, 9, 9, 0, 9, 8, 6, 9, 0, 7, 4, 4, 0, 1, 3, 8, 1, 0, 9, 2, 2, 0, 1, 9, 4, 6, 7, 5, 0, 5, 6, 0, 0, 5, 6, 8, 9, 9, 4, 2, 7, 5, 7, 6, 5, 4, 7, 8, 9, 6, 6, 9, 5, 7, 3, 5, 7, 2, 6, 2, 1, 1, 8, 6, 8, 1, 0, 9, 6, 6, 9, 6, 0, 6, 4, 6, 6, 1, 0, 9, 9, 9, 0, 9, 9, 3, 6, 5, 4, 7, 0, 6, 7, 0, 7, 2, 6, 0, 9, 6, 1, 1, 4, 3, 6, 4, 7, 0, 6, 1, 8, 1, 3, 7, 7, 8, 0, 7, 1, 3, 6, 6, 7, 8, 9, 3, 2, 5, 6, 1, 0, 0, 0, 1, 1, 2, 6, 6, 9]"
211,0.12066829999093898,0.08990220000850968,4.888123361104871e+284,0.19183039999916218,0.27403810000396334,1.3285649358577622e-07,0.1618812000087928,0.06270619999850169,1.2505552149377763e-12,6.969012725815983e-16,952.7032833920938,952.703283392095,"[8, 5, 4, 1, 4, 1, 8, 7, 4, 3, 0, 0, 4, 5, 4, 4, 6, 4, 8, 4, 8, 6, 0, 4, 0, 5, 8, 9, 2, 7, 6, 7, 4, 3, 1, 0, 0, 2, 7, 3, 4, 3, 4, 7, 2, 0, 2, 0, 5, 7, 6, 8, 6, 6, 6, 4, 7, 3, 4, 0, 5, 4, 9, 7, 6, 7, 1, 5, 4, 1, 0, 9, 5, 5, 8, 3, 2, 4, 5, 5, 7, 1, 1, 3, 9, 1, 9, 8, 9, 9, 3, 6, 2, 8, 3, 2, 0, 6, 6, 0, 7, 1, 1, 9, 3, 2, 5, 5, 0, 9, 8, 0, 6, 4, 5, 4, 5, 1, 3, 3, 5, 5, 9, 6, 7, 4, 1, 9, 4, 8, 4, 9, 9, 1, 1, 3, 6, 5, 2, 4, 9, 0, 8, 1, 8, 0, 7, 7, 2, 4, 8, 6, 1, 6, 3, 5, 3, 6, 1, 0, 8, 0, 0, 2, 8, 3, 9, 4, 2, 3, 3, 4, 7, 9, 4, 4, 9, 5, 3, 6, 4, 5, 3, 3, 7, 8, 6, 3, 1, 9, 6, 5, 9, 7, 6, 1, 8, 1, 2, 5, 7, 9, 1, 2, 6, 2, 1, 7, 0, 3, 5]"
212,0.13677930002450012,0.07416009998996742,3.953234451188186e+287,0.255292499990901,0.24626049998914823,1.6765815434912174e-11,0.1696141999855172,0.03273149998858571,1.1368683772161603e-13,7.937682163618572e-16,951.2056986325441,951.205698632544,"[1, 2, 0, 1, 5, 2, 8, 8, 1, 2, 9, 3, 2, 5, 4, 9, 1, 8, 2, 2, 6, 8, 2, 7, 6, 3, 8, 0, 4, 8, 4, 4, 8, 4, 9, 1, 7, 5, 9, 1, 6, 2, 2, 1, 6, 9, 1, 1, 8, 6, 1, 5, 9, 8, 3, 8, 3, 3, 7, 9, 3, 6, 4, 5, 5, 1, 6, 4, 3, 7, 3, 4, 7, 6, 3, 7, 0, 3, 0, 8, 0, 6, 6, 7, 3, 9, 0, 4, 7, 6, 7, 9, 6, 0, 3, 5, 6, 7, 7, 9, 7, 7, 5, 9, 6, 9, 6, 0, 4, 2, 6, 2, 7, 4, 3, 4, 7, 3, 4, 4, 8, 9, 7, 3, 5, 8, 7, 8, 1, 5, 5, 7, 7, 7, 8, 9, 0, 8, 5, 1, 1, 0, 0, 9, 7, 9, 7, 2, 1, 7, 3, 9, 5, 6, 2, 1, 2, 6, 6, 0, 0, 0, 7, 4, 2, 2, 7, 0, 3, 1, 8, 6, 5, 5, 1, 6, 4, 7, 9, 4, 2, 0, 6, 2, 8, 5, 3, 0, 4, 4, 5, 5, 3, 6, 0, 8, 4, 9, 7, 8, 2, 4, 5, 7, 7, 5, 4, 3, 0, 0, 4, 9]"
213,0.16019379999488592,0.0599907000141684,1.75628593026494e+289,0.22445629999856465,0.2647501000028569,6.337435584452235e-11,0.139970699994592,0.04507300001569092,0.0,4.958275480457198e-16,951.9833994948411,951.9833994948411,"[2, 1, 9, 8, 2, 1, 9, 0, 7, 8, 3, 9, 2, 6, 6, 0, 5, 6, 6, 9, 0, 4, 4, 6, 6, 0, 0, 6, 5, 6, 4, 7, 6, 3, 3, 2, 2, 8, 6, 9, 3, 0, 5, 1, 3, 0, 3, 9, 6, 6, 5, 4, 2, 8, 9, 0, 1, 9, 6, 6, 8, 1, 7, 5, 9, 3, 9, 4, 8, 3, 4, 8, 6, 3, 3, 7, 7, 2, 3, 6, 3, 8, 3, 1, 7, 0, 7, 3, 0, 1, 3, 6, 6, 1, 0, 5, 6, 4, 3, 7, 7, 7, 5, 1, 8, 2, 7, 1, 2, 8, 0, 5, 0, 6, 2, 9, 6, 9, 7, 6, 1, 4, 3, 9, 7, 0, 6, 6, 0, 3, 8, 5, 1, 6, 9, 7, 6, 5, 8, 9, 5, 7, 0, 0, 8, 0, 6, 1, 6, 5, 6, 9, 3, 6, 3, 1, 1, 9, 8, 1, 3, 0, 6, 4, 7, 6, 0, 3, 9, 7, 8, 8, 7, 6, 5, 2, 7, 3, 3, 5, 5, 4, 0, 7, 6, 9, 4, 4, 2, 1, 8, 0, 9, 3, 6, 4, 5, 4, 2, 4, 2, 9, 2, 3, 5, 9, 3, 8, 4, 3, 0, 3, 6]"
214,0.14859100000467151,0.02807790000224486,9.409985750470625e+290,0.2658670000091661,0.19573069998295978,1.6335582312306885e-10,0.15789670002413914,0.048722000006819144,6.821210263296962e-13,6.263480898603267e-16,957.9863881393112,957.9863881393105,"[9, 1, 2, 2, 4, 8, 6, 6, 5, 7, 5, 6, 8, 7, 5, 4, 4, 5, 9, 9, 1, 4, 8, 7, 4, 2, 9, 3, 4, 0, 4, 9, 5, 5, 1, 0, 7, 2, 2, 4, 8, 6, 0, 2, 8, 5, 8, 4, 5, 6, 5, 6, 5, 4, 0, 6, 9, 9, 2, 7, 0, 4, 5, 8, 9, 6, 4, 3, 0, 2, 0, 3, 4, 0, 2, 1, 2, 8, 8, 0, 8, 5, 0, 2, 0, 0, 6, 4, 0, 0, 5, 0, 6, 0, 4, 2, 4, 6, 9, 1, 4, 5, 7, 6, 0, 9, 3, 5, 3, 6, 1, 2, 7, 9, 7, 9, 2, 2, 6, 3, 8, 1, 7, 0, 4, 2, 3, 0, 9, 2, 4, 3, 0, 0, 7, 7, 0, 4, 8, 7, 3, 7, 3, 8, 2, 8, 7, 8, 0, 0, 5, 0, 4, 4, 7, 7, 3, 6, 2, 6, 4, 3, 1, 8, 1, 5, 9, 9, 0, 2, 9, 7, 4, 1, 2, 0, 1, 5, 1, 5, 3, 4, 3, 4, 8, 2, 4, 6, 4, 1, 1, 1, 5, 5, 0, 8, 3, 5, 2, 6, 5, 6, 0, 5, 6, 9, 1, 1, 3, 1, 7, 4, 1, 7]"
215,0.13814679998904467,0.07482969999546185,2.748330821746228e+292,0.21651510000810958,0.2384684999997262,4.650583382342965e-09,0.14388180000241846,0.05021749998559244,2.2737367544323206e-13,5.934275780002191e-16,970.7593138736114,970.7593138736116,"[9, 5, 4, 0, 9, 0, 2, 4, 5, 1, 5, 5, 4, 9, 8, 2, 6, 6, 1, 0, 5, 2, 8, 8, 0, 1, 9, 6, 4, 9, 5, 9, 2, 9, 8, 0, 7, 4, 5, 9, 7, 1, 9, 2, 1, 8, 2, 5, 9, 4, 8, 9, 0, 6, 0, 1, 7, 7, 1, 1, 8, 1, 6, 0, 1, 9, 8, 8, 3, 7, 2, 5, 2, 3, 2, 6, 3, 5, 1, 4, 0, 3, 4, 8, 0, 5, 2, 1, 3, 9, 9, 3, 3, 5, 3, 7, 7, 7, 8, 3, 2, 8, 3, 5, 8, 6, 6, 4, 1, 3, 3, 5, 2, 3, 3, 3, 7, 0, 9, 8, 7, 9, 1, 0, 0, 5, 0, 3, 0, 3, 9, 8, 1, 5, 6, 6, 3, 4, 9, 6, 0, 8, 1, 8, 6, 9, 5, 1, 0, 3, 5, 1, 8, 2, 9, 6, 1, 1, 6, 3, 0, 7, 3, 8, 5, 1, 0, 3, 5, 9, 8, 8, 5, 9, 6, 8, 2, 9, 8, 3, 2, 1, 7, 9, 6, 8, 8, 5, 0, 6, 2, 8, 5, 9, 4, 1, 4, 2, 0, 3, 7, 4, 4, 7, 4, 0, 3, 4, 3, 7, 4, 3, 9, 2, 7]"
216,0.14397370000369847,0.08179430000018328,1.4066264427629616e+293,0.2181247000116855,0.25294920001761056,4.650982022026349e-10,0.15259800001513213,0.05266669997945428,7.958078640513122e-13,7.76691320172108e-16,972.6499469938244,972.6499469938252,"[0, 4, 7, 4, 9, 9, 4, 8, 3, 6, 7, 4, 4, 6, 8, 6, 0, 4, 2, 5, 7, 5, 9, 2, 0, 9, 1, 1, 4, 2, 6, 0, 7, 1, 3, 8, 7, 1, 7, 5, 3, 3, 4, 1, 2, 1, 3, 2, 8, 6, 2, 6, 6, 0, 5, 3, 4, 8, 8, 5, 1, 3, 2, 3, 8, 9, 2, 7, 4, 8, 5, 6, 0, 0, 0, 3, 1, 0, 2, 5, 6, 3, 6, 2, 9, 7, 6, 9, 0, 5, 8, 5, 2, 1, 5, 3, 2, 5, 0, 7, 3, 3, 7, 1, 1, 0, 7, 0, 6, 8, 8, 9, 5, 7, 2, 5, 9, 8, 0, 4, 5, 8, 4, 3, 9, 2, 3, 8, 5, 5, 9, 6, 8, 1, 4, 7, 9, 7, 2, 5, 5, 5, 1, 2, 7, 4, 3, 3, 8, 3, 8, 6, 9, 5, 8, 6, 9, 7, 1, 6, 2, 0, 4, 3, 7, 0, 6, 5, 2, 5, 6, 3, 6, 2, 4, 1, 0, 7, 5, 1, 2, 1, 9, 9, 5, 9, 3, 7, 6, 8, 3, 2, 2, 5, 3, 1, 2, 3, 0, 6, 7, 4, 5, 2, 5, 0, 8, 1, 4, 9, 8, 3, 1, 1, 4, 5]"
217,0.2719521000108216,0.094281099998625,4.004903061120107e+295,0.23363869998138398,0.2325082999886945,7.941884288791343e-11,0.14786729999468662,0.031131900002947077,2.2737367544323206e-13,5.283592957816961e-16,977.5777412723485,977.5777412723482,"[1, 6, 1, 4, 9, 1, 8, 2, 0, 1, 4, 8, 7, 1, 3, 6, 6, 1, 5, 8, 9, 2, 0, 7, 1, 3, 5, 2, 9, 2, 4, 6, 1, 9, 0, 7, 3, 2, 2, 2, 4, 6, 7, 6, 7, 0, 6, 9, 6, 9, 1, 5, 6, 4, 7, 0, 0, 3, 7, 9, 0, 6, 3, 3, 7, 3, 7, 8, 4, 1, 7, 9, 1, 3, 8, 9, 6, 5, 1, 4, 3, 1, 0, 9, 7, 4, 6, 8, 8, 9, 7, 0, 3, 5, 6, 4, 0, 1, 8, 9, 4, 9, 0, 8, 9, 6, 5, 5, 2, 2, 2, 3, 4, 9, 3, 5, 7, 7, 2, 4, 4, 4, 2, 4, 0, 8, 8, 3, 7, 9, 2, 9, 8, 6, 0, 2, 2, 5, 9, 6, 5, 6, 8, 4, 5, 6, 8, 1, 1, 3, 7, 5, 2, 6, 2, 6, 0, 9, 8, 0, 5, 8, 1, 4, 8, 2, 6, 1, 3, 5, 0, 9, 5, 5, 0, 7, 7, 2, 5, 4, 4, 2, 0, 0, 7, 0, 8, 5, 9, 5, 5, 3, 0, 1, 1, 8, 1, 2, 8, 9, 0, 0, 2, 0, 5, 3, 3, 8, 4, 7, 6, 1, 5, 2, 6, 5, 0]"
218,0.1783331999904476,0.10496130000683479,2.090243556175712e+296,0.24788279997301288,0.22070619999431074,4.7330981598578527e-11,0.19788570000673644,0.05498260000604205,3.410605131648481e-13,8.842939023140595e-16,977.1768076723928,977.1768076723931,"[7, 6, 8, 6, 2, 5, 6, 8, 9, 3, 4, 9, 2, 2, 0, 3, 8, 2, 7, 0, 1, 6, 8, 0, 6, 2, 0, 0, 4, 6, 5, 1, 4, 1, 3, 3, 8, 4, 3, 2, 4, 9, 2, 2, 9, 0, 4, 5, 1, 4, 3, 4, 5, 3, 9, 8, 4, 4, 1, 3, 1, 7, 2, 6, 9, 2, 3, 8, 9, 3, 8, 0, 5, 9, 6, 5, 3, 4, 9, 5, 0, 3, 7, 2, 2, 1, 9, 6, 6, 0, 7, 9, 5, 3, 2, 1, 3, 7, 0, 7, 6, 7, 3, 8, 1, 4, 2, 2, 0, 6, 5, 5, 9, 3, 3, 2, 4, 7, 4, 1, 2, 0, 9, 9, 5, 3, 0, 1, 0, 4, 8, 9, 1, 3, 9, 4, 6, 4, 3, 4, 6, 4, 0, 3, 1, 0, 3, 1, 3, 0, 1, 1, 3, 2, 1, 4, 9, 7, 1, 4, 6, 8, 3, 8, 4, 5, 9, 1, 0, 8, 4, 2, 3, 9, 8, 5, 3, 9, 0, 8, 4, 6, 8, 2, 5, 6, 3, 6, 1, 3, 2, 5, 3, 4, 8, 0, 6, 5, 0, 1, 7, 8, 5, 2, 1, 8, 0, 2, 9, 9, 2, 1, 9, 3, 1, 7, 5, 9]"
219,0.1558398000197485,0.08351289998972788,nan,0.2196643000061158,0.2544754999980796,5.976387679820361e-11,0.16273270000237972,0.03230019999318756,1.5916157281026244e-12,7.075630636511928e-16,982.1017245641424,982.101724564144,"[8, 7, 7, 6, 0, 3, 1, 7, 3, 0, 8, 4, 1, 3, 3, 9, 8, 4, 1, 0, 3, 6, 3, 2, 6, 8, 8, 0, 9, 0, 2, 1, 5, 5, 6, 1, 4, 2, 1, 1, 4, 4, 7, 9, 5, 5, 7, 1, 8, 3, 1, 2, 9, 3, 9, 4, 5, 3, 8, 4, 8, 8, 0, 6, 7, 9, 1, 1, 9, 4, 0, 4, 9, 8, 7, 3, 8, 0, 2, 8, 8, 1, 2, 5, 3, 8, 4, 2, 2, 5, 4, 7, 4, 5, 4, 0, 9, 2, 7, 1, 0, 0, 6, 5, 4, 6, 5, 9, 2, 9, 6, 9, 5, 5, 2, 8, 8, 5, 9, 0, 9, 3, 7, 7, 4, 7, 0, 1, 0, 3, 1, 7, 4, 1, 6, 1, 2, 2, 0, 8, 9, 2, 1, 8, 0, 9, 0, 3, 9, 6, 6, 3, 6, 7, 6, 9, 4, 4, 1, 3, 4, 0, 0, 3, 2, 9, 4, 6, 5, 6, 8, 8, 5, 2, 0, 2, 9, 2, 9, 6, 7, 7, 7, 8, 7, 2, 9, 5, 0, 0, 9, 5, 0, 4, 7, 0, 1, 1, 2, 2, 6, 6, 8, 7, 6, 0, 0, 1, 4, 5, 6, 0, 9, 8, 0, 1, 0, 5, 3]"
220,0.16378269999404438,0.0778361999837216,nan,0.22501640001428314,0.2692823999968823,5.626348392192993e-11,0.1515914000046905,0.04061189998174086,1.1368683772161603e-13,6.126300661185856e-16,993.8837856228566,993.8837856228567,"[8, 7, 6, 1, 4, 3, 0, 2, 9, 6, 3, 9, 4, 1, 5, 1, 9, 1, 9, 3, 4, 2, 3, 9, 8, 5, 3, 6, 9, 4, 6, 9, 1, 4, 6, 0, 8, 7, 8, 1, 3, 2, 0, 9, 0, 0, 5, 5, 6, 0, 1, 3, 0, 3, 8, 5, 7, 7, 5, 5, 2, 5, 7, 3, 8, 4, 2, 8, 0, 7, 8, 8, 5, 4, 7, 1, 4, 8, 2, 5, 3, 6, 9, 2, 1, 1, 9, 6, 7, 2, 1, 9, 0, 9, 7, 4, 0, 5, 9, 8, 5, 8, 5, 7, 8, 8, 3, 4, 2, 8, 3, 3, 7, 7, 5, 1, 2, 5, 1, 2, 4, 6, 1, 5, 0, 7, 2, 2, 1, 1, 9, 0, 8, 7, 8, 9, 8, 9, 2, 3, 7, 5, 0, 5, 4, 1, 8, 0, 4, 6, 4, 5, 6, 7, 9, 7, 0, 7, 5, 1, 5, 4, 1, 1, 0, 4, 0, 9, 3, 7, 0, 8, 3, 7, 7, 5, 4, 8, 1, 1, 9, 6, 8, 2, 6, 7, 8, 2, 0, 5, 5, 4, 7, 2, 4, 9, 9, 8, 5, 1, 9, 5, 3, 0, 0, 9, 2, 8, 3, 0, 2, 2, 7, 5, 2, 6, 9, 2, 9, 1]"
221,0.15175779999117367,0.06996449999860488,nan,0.23049170000012964,0.2901828000030946,1.7577123285150731e-10,0.1551566999987699,0.05538830001023598,1.0231815394945443e-12,4.878491497150043e-16,996.065602682737,996.065602682738,"[3, 4, 1, 8, 0, 7, 2, 0, 3, 2, 0, 7, 6, 9, 7, 1, 7, 6, 1, 0, 9, 1, 9, 8, 3, 9, 6, 8, 3, 4, 7, 4, 2, 0, 3, 3, 2, 4, 0, 1, 3, 2, 0, 9, 7, 0, 3, 6, 7, 4, 8, 9, 2, 3, 0, 2, 2, 0, 6, 8, 3, 8, 4, 7, 0, 4, 7, 4, 8, 4, 2, 7, 4, 5, 5, 9, 4, 1, 8, 5, 4, 5, 9, 5, 7, 4, 7, 8, 7, 3, 9, 8, 8, 0, 7, 7, 1, 9, 8, 5, 4, 7, 0, 4, 0, 5, 4, 3, 9, 3, 1, 4, 5, 2, 3, 9, 0, 2, 8, 2, 5, 0, 3, 2, 4, 0, 5, 2, 7, 9, 4, 3, 6, 3, 5, 7, 3, 3, 9, 0, 8, 1, 7, 1, 0, 5, 4, 2, 1, 8, 6, 6, 4, 5, 7, 3, 7, 9, 5, 4, 5, 5, 6, 5, 3, 9, 8, 9, 4, 3, 8, 6, 3, 4, 0, 2, 6, 9, 0, 4, 8, 0, 8, 4, 9, 7, 8, 3, 6, 7, 9, 5, 2, 7, 2, 0, 3, 9, 0, 3, 7, 0, 5, 8, 3, 3, 4, 9, 7, 6, 1, 1, 7, 6, 9, 5, 9, 5, 4, 7, 9]"
222,0.1452119000023231,0.06998320002458058,nan,0.2331271999864839,0.2568953999725636,8.100348073197416e-12,0.16182960002333857,0.06248650001361966,9.094947017729282e-13,5.362288137511955e-16,997.510641171947,997.5106411719479,"[0, 4, 3, 1, 6, 1, 0, 7, 7, 0, 8, 7, 2, 5, 1, 9, 0, 3, 4, 7, 4, 9, 1, 6, 5, 1, 9, 5, 3, 5, 0, 5, 8, 4, 8, 4, 6, 8, 2, 1, 4, 8, 8, 2, 3, 0, 1, 4, 9, 0, 0, 0, 2, 5, 0, 1, 2, 4, 6, 4, 1, 9, 1, 1, 1, 4, 4, 4, 9, 9, 5, 4, 0, 1, 6, 6, 5, 2, 5, 8, 3, 3, 4, 3, 4, 5, 3, 2, 2, 8, 7, 5, 7, 9, 7, 9, 4, 6, 1, 0, 8, 9, 5, 4, 5, 6, 9, 1, 3, 5, 9, 9, 4, 3, 8, 6, 2, 5, 4, 8, 3, 6, 8, 5, 5, 7, 3, 3, 1, 9, 8, 8, 3, 6, 6, 5, 9, 8, 0, 1, 9, 0, 8, 1, 0, 9, 2, 8, 6, 8, 3, 1, 1, 9, 6, 5, 0, 0, 4, 6, 3, 3, 1, 2, 3, 4, 5, 3, 9, 7, 8, 3, 3, 0, 4, 6, 4, 7, 9, 6, 2, 9, 3, 6, 9, 6, 7, 4, 2, 2, 1, 3, 9, 0, 6, 8, 2, 0, 8, 0, 2, 7, 4, 2, 2, 5, 1, 3, 7, 9, 2, 8, 2, 8, 8, 0, 1, 2, 0, 0, 9, 3]"
223,0.1508274999796413,0.07129260001238436,nan,0.2709313000086695,0.2742750000033993,3.834132987794419e-11,0.18289179998100735,0.05409940000390634,9.094947017729282e-13,5.778478208907056e-16,1007.8688496354196,1007.8688496354187,"[2, 5, 9, 9, 9, 6, 4, 2, 0, 5, 5, 4, 0, 6, 9, 2, 2, 2, 2, 2, 6, 4, 6, 6, 0, 9, 6, 4, 4, 2, 0, 5, 9, 1, 4, 3, 8, 6, 6, 9, 8, 8, 3, 7, 2, 0, 5, 6, 1, 3, 3, 3, 6, 4, 7, 8, 0, 9, 6, 9, 5, 4, 2, 7, 8, 5, 2, 3, 8, 8, 1, 9, 5, 5, 6, 9, 4, 0, 5, 1, 7, 4, 1, 2, 8, 5, 8, 6, 9, 9, 8, 9, 0, 9, 2, 5, 6, 4, 8, 6, 0, 1, 1, 3, 9, 5, 5, 7, 7, 1, 8, 2, 9, 2, 1, 6, 4, 0, 1, 9, 9, 3, 8, 7, 8, 2, 9, 8, 8, 8, 4, 0, 9, 4, 0, 6, 5, 6, 1, 2, 2, 7, 0, 6, 0, 3, 7, 3, 9, 8, 4, 1, 7, 9, 5, 6, 8, 6, 2, 6, 3, 1, 0, 4, 4, 4, 5, 6, 9, 5, 0, 4, 5, 1, 0, 0, 9, 2, 3, 7, 7, 9, 7, 3, 0, 8, 9, 9, 1, 7, 1, 8, 7, 6, 9, 0, 9, 0, 5, 5, 4, 9, 5, 9, 5, 1, 9, 5, 3, 5, 2, 4, 0, 0, 1, 6, 5, 7, 2, 7, 3, 2, 7]"
224,0.2510582999966573,0.059380499995313585,nan,0.3365328999934718,0.2242897999822162,1.427851339781551e-10,0.17689469998003915,0.14139860001159832,3.410605131648481e-13,6.138862613448622e-16,1004.8471367532132,1004.8471367532136,"[7, 6, 6, 8, 5, 3, 8, 5, 0, 6, 4, 0, 9, 1, 5, 4, 7, 7, 8, 3, 1, 4, 2, 9, 7, 9, 1, 1, 5, 2, 9, 7, 1, 5, 0, 0, 4, 6, 3, 1, 8, 9, 0, 9, 6, 7, 7, 2, 2, 9, 1, 2, 2, 2, 5, 8, 4, 8, 3, 6, 7, 5, 8, 2, 7, 6, 6, 1, 3, 2, 7, 1, 0, 9, 3, 3, 6, 0, 6, 1, 2, 1, 2, 7, 6, 8, 4, 7, 3, 0, 0, 4, 4, 9, 0, 3, 4, 7, 4, 6, 2, 2, 7, 6, 3, 8, 3, 0, 3, 9, 9, 6, 5, 2, 6, 6, 0, 2, 7, 5, 6, 2, 8, 3, 4, 5, 7, 5, 6, 2, 7, 9, 1, 1, 2, 7, 8, 0, 6, 8, 3, 2, 9, 2, 9, 2, 7, 5, 5, 4, 1, 1, 1, 0, 5, 6, 1, 3, 7, 7, 9, 7, 3, 8, 0, 9, 6, 6, 0, 7, 8, 6, 8, 4, 7, 2, 2, 0, 1, 7, 0, 3, 2, 0, 7, 8, 2, 2, 8, 1, 8, 2, 8, 6, 2, 7, 5, 0, 6, 2, 9, 1, 3, 4, 5, 0, 4, 2, 2, 9, 8, 6, 5, 0, 4, 6, 5, 8, 4, 4, 4, 4, 6, 5]"
225,0.16532140001072548,0.12796919999527745,nan,0.30340499998419546,0.2156027000164613,9.276746812071695e-10,0.16749670001445338,0.06590079999295995,5.684341886080801e-13,6.96693974593001e-16,1009.4644659608729,1009.4644659608734,"[9, 6, 0, 6, 7, 6, 1, 4, 8, 4, 3, 7, 3, 5, 2, 6, 3, 7, 0, 3, 7, 0, 2, 0, 7, 4, 6, 9, 0, 7, 0, 6, 6, 6, 4, 3, 8, 0, 9, 3, 5, 8, 7, 8, 0, 5, 6, 3, 9, 4, 7, 8, 2, 0, 9, 5, 8, 6, 1, 5, 3, 1, 1, 5, 3, 3, 0, 6, 2, 8, 2, 4, 3, 0, 6, 3, 6, 3, 7, 5, 2, 5, 1, 8, 3, 3, 8, 3, 2, 6, 7, 2, 5, 7, 0, 6, 0, 0, 6, 8, 0, 6, 6, 9, 0, 8, 6, 0, 1, 9, 3, 5, 9, 1, 1, 2, 9, 7, 7, 3, 7, 7, 5, 0, 9, 6, 9, 5, 1, 6, 8, 3, 2, 0, 0, 1, 4, 6, 5, 1, 6, 9, 8, 9, 2, 6, 2, 8, 1, 3, 0, 4, 9, 3, 7, 4, 7, 8, 3, 8, 3, 9, 3, 7, 5, 1, 9, 5, 7, 0, 6, 6, 6, 9, 9, 0, 5, 5, 6, 5, 1, 2, 8, 9, 0, 3, 2, 0, 2, 8, 7, 9, 7, 3, 5, 2, 3, 2, 2, 0, 3, 3, 2, 6, 6, 5, 6, 9, 2, 8, 7, 3, 8, 4, 6, 6, 9, 4, 1, 5, 9, 1, 9, 2, 8]"
226,0.18938220001291484,0.04234439998981543,nan,0.24373780001769774,0.170129200007068,2.1310692851705627e-10,0.1827560999954585,0.08242339998832904,1.1368683772161603e-13,6.512217546689217e-16,1020.2148006003329,1020.2148006003328,"[1, 0, 6, 0, 3, 6, 5, 8, 5, 3, 2, 9, 0, 6, 2, 3, 2, 9, 0, 4, 2, 0, 0, 3, 7, 4, 7, 0, 6, 1, 8, 6, 7, 5, 5, 6, 8, 4, 9, 0, 5, 7, 6, 6, 5, 7, 8, 5, 0, 3, 6, 0, 4, 9, 5, 6, 9, 3, 2, 8, 3, 2, 4, 4, 3, 5, 9, 0, 6, 2, 9, 9, 3, 1, 0, 6, 4, 5, 6, 0, 0, 4, 8, 0, 7, 1, 1, 6, 0, 6, 1, 2, 8, 5, 9, 9, 4, 2, 8, 4, 1, 1, 8, 9, 7, 6, 5, 8, 0, 0, 9, 8, 9, 8, 4, 6, 7, 6, 4, 6, 1, 0, 1, 9, 3, 0, 5, 7, 8, 1, 5, 0, 9, 0, 5, 6, 5, 2, 0, 8, 8, 2, 2, 7, 3, 3, 6, 3, 1, 9, 4, 2, 9, 2, 2, 9, 6, 7, 7, 4, 0, 6, 1, 0, 4, 1, 1, 6, 7, 0, 1, 8, 9, 1, 6, 4, 9, 2, 9, 5, 1, 9, 4, 4, 3, 5, 0, 3, 2, 2, 4, 0, 0, 0, 6, 8, 9, 0, 1, 9, 7, 9, 1, 5, 6, 3, 4, 2, 3, 7, 4, 4, 1, 9, 6, 1, 2, 3, 7, 5, 4, 0, 7, 5, 8, 0]"
227,0.21352769999066368,0.19071419999818318,nan,0.2668794000055641,0.22385539999231696,3.373792391707836e-11,0.1742038000083994,0.06616930000018328,2.2737367544323206e-13,5.593884765655404e-16,1021.2304514075817,1021.2304514075814,"[1, 9, 1, 5, 9, 9, 9, 1, 4, 4, 9, 1, 6, 1, 3, 9, 2, 6, 0, 3, 3, 4, 5, 4, 3, 3, 1, 5, 8, 6, 3, 2, 8, 0, 1, 3, 9, 0, 9, 5, 4, 1, 4, 7, 6, 0, 3, 2, 5, 9, 8, 7, 8, 4, 4, 6, 4, 6, 6, 9, 7, 2, 6, 7, 8, 3, 4, 2, 2, 1, 3, 1, 1, 0, 4, 3, 4, 3, 1, 6, 7, 5, 7, 1, 1, 1, 1, 5, 8, 8, 8, 2, 8, 6, 1, 4, 6, 5, 5, 3, 2, 3, 4, 9, 0, 2, 6, 0, 3, 6, 5, 4, 4, 8, 6, 3, 1, 7, 7, 1, 8, 6, 4, 0, 2, 5, 5, 6, 5, 5, 1, 3, 2, 8, 7, 2, 0, 4, 8, 5, 9, 2, 7, 7, 6, 0, 0, 4, 9, 2, 7, 4, 3, 0, 8, 9, 9, 2, 6, 8, 4, 5, 9, 8, 0, 9, 7, 2, 0, 1, 0, 2, 0, 6, 2, 5, 5, 3, 3, 6, 4, 3, 1, 5, 4, 6, 7, 4, 7, 9, 9, 6, 2, 4, 7, 4, 1, 1, 7, 0, 3, 1, 5, 2, 4, 7, 5, 0, 3, 0, 3, 4, 8, 2, 5, 7, 4, 8, 0, 8, 7, 2, 3, 2, 4, 8, 8]"
228,0.161961199977668,0.13736719998996705,nan,0.2428657000127714,0.19315979999373667,1.3412190215082808e-10,0.15861579999909736,0.047265500004868954,1.5916157281026244e-12,6.515543783841503e-16,1026.7378110237478,1026.7378110237494,"[2, 3, 9, 1, 8, 2, 3, 1, 0, 1, 1, 3, 5, 1, 6, 4, 9, 8, 1, 6, 6, 3, 0, 4, 4, 1, 1, 5, 1, 0, 6, 5, 3, 2, 5, 3, 4, 6, 9, 0, 9, 8, 2, 2, 8, 7, 9, 2, 1, 8, 5, 7, 8, 8, 3, 1, 9, 9, 9, 1, 3, 1, 1, 7, 2, 4, 3, 2, 9, 8, 8, 9, 3, 5, 5, 5, 9, 8, 5, 7, 9, 9, 5, 6, 3, 7, 3, 2, 6, 7, 4, 9, 6, 7, 8, 9, 2, 6, 7, 0, 2, 6, 9, 9, 5, 0, 7, 8, 9, 8, 7, 2, 8, 3, 8, 9, 2, 0, 5, 3, 2, 8, 7, 7, 4, 4, 5, 8, 1, 2, 9, 3, 7, 8, 3, 8, 1, 8, 8, 0, 1, 8, 0, 7, 2, 4, 2, 1, 4, 7, 0, 3, 7, 2, 8, 7, 4, 4, 1, 9, 9, 8, 4, 6, 9, 1, 0, 0, 7, 0, 8, 3, 6, 3, 2, 1, 3, 4, 7, 1, 9, 3, 5, 8, 8, 6, 3, 9, 1, 3, 6, 1, 2, 2, 1, 6, 8, 6, 5, 3, 1, 1, 3, 3, 1, 3, 9, 7, 6, 7, 5, 4, 1, 6, 2, 8, 0, 8, 0, 5, 4, 3, 1, 2, 0, 2, 6, 5]"
229,0.1678292999858968,0.162740700005088,nan,0.2573057000117842,0.22382590000052005,6.4892290480368e-11,0.16920069998013787,0.05164580000564456,2.0463630789890885e-12,5.57448469839931e-16,1030.3158819976,1030.315881997602,"[0, 3, 5, 3, 1, 4, 4, 6, 1, 8, 7, 4, 4, 5, 1, 0, 1, 3, 5, 7, 8, 3, 5, 4, 5, 6, 3, 7, 8, 0, 7, 6, 1, 6, 9, 9, 8, 8, 2, 3, 3, 7, 5, 2, 2, 3, 8, 1, 1, 8, 3, 9, 7, 2, 4, 2, 8, 6, 1, 5, 6, 4, 2, 4, 2, 6, 3, 3, 6, 0, 6, 2, 7, 2, 1, 4, 2, 1, 1, 0, 2, 6, 9, 8, 8, 9, 6, 4, 1, 6, 9, 6, 3, 6, 7, 0, 8, 0, 7, 0, 5, 8, 5, 7, 0, 9, 8, 0, 0, 3, 4, 5, 1, 4, 5, 8, 7, 2, 3, 8, 0, 2, 8, 0, 0, 1, 7, 2, 7, 9, 7, 7, 3, 0, 6, 0, 9, 1, 6, 6, 3, 9, 1, 8, 4, 4, 4, 4, 4, 5, 6, 8, 2, 0, 7, 4, 7, 7, 5, 0, 8, 6, 5, 2, 9, 6, 0, 7, 0, 2, 1, 6, 8, 9, 4, 4, 5, 8, 9, 4, 1, 0, 1, 9, 2, 7, 3, 5, 0, 9, 0, 0, 2, 2, 1, 1, 9, 9, 1, 0, 1, 7, 9, 4, 5, 3, 4, 4, 3, 4, 7, 2, 5, 9, 2, 4, 4, 6, 6, 8, 0, 7, 2, 6, 9, 9, 6, 6, 3]"
230,0.16635580000001937,0.1513425000011921,nan,0.2704608000058215,0.24526250001508743,5.774190213015686e-10,0.16721859999233857,0.05314659999567084,4.547473508864641e-13,7.636251953097445e-16,1034.842563640986,1034.8425636409856,"[5, 9, 2, 7, 6, 1, 3, 8, 4, 3, 3, 8, 7, 4, 3, 8, 9, 7, 5, 6, 3, 3, 8, 4, 4, 4, 6, 4, 5, 6, 5, 2, 1, 4, 1, 4, 0, 1, 7, 8, 9, 3, 5, 0, 0, 5, 0, 9, 0, 4, 2, 3, 3, 5, 0, 4, 3, 9, 7, 1, 8, 4, 8, 6, 4, 7, 4, 0, 9, 8, 6, 0, 3, 0, 6, 8, 5, 6, 3, 0, 9, 1, 4, 3, 8, 9, 8, 7, 1, 3, 7, 8, 4, 7, 9, 8, 5, 7, 7, 8, 1, 6, 8, 1, 1, 7, 5, 4, 7, 5, 1, 6, 1, 4, 0, 5, 3, 5, 1, 9, 5, 7, 3, 7, 3, 3, 2, 0, 2, 2, 9, 9, 9, 1, 6, 1, 3, 5, 9, 3, 7, 5, 9, 3, 1, 8, 5, 0, 6, 0, 2, 6, 0, 9, 8, 5, 3, 4, 0, 7, 1, 1, 0, 4, 3, 6, 0, 9, 8, 8, 3, 5, 5, 8, 8, 3, 8, 8, 6, 5, 8, 3, 0, 6, 7, 0, 6, 3, 3, 0, 8, 0, 0, 8, 3, 2, 0, 6, 6, 6, 7, 8, 1, 7, 8, 7, 9, 4, 1, 7, 1, 4, 9, 9, 4, 2, 2, 0, 9, 1, 8, 2, 1, 4, 8, 6, 4, 2, 3, 0]"
231,0.45481150000705384,0.18851219999487512,nan,0.32173450000118464,0.22540500000468455,3.9904211088983186e-11,0.20281570000224747,0.05325939998147078,4.547473508864641e-13,4.946122230452747e-16,1042.6326567596968,1042.6326567596964,"[3, 9, 8, 0, 2, 8, 8, 9, 8, 2, 9, 8, 8, 1, 6, 8, 0, 8, 7, 0, 9, 8, 0, 4, 1, 2, 9, 6, 9, 4, 0, 1, 6, 0, 7, 4, 0, 6, 7, 8, 7, 1, 6, 7, 9, 7, 4, 2, 1, 5, 9, 0, 7, 9, 1, 2, 2, 6, 2, 6, 4, 3, 8, 2, 9, 3, 9, 3, 5, 6, 8, 8, 9, 1, 5, 1, 6, 9, 7, 2, 2, 2, 8, 8, 3, 4, 2, 5, 1, 2, 9, 1, 9, 2, 3, 2, 7, 0, 2, 0, 8, 4, 6, 0, 3, 9, 3, 8, 4, 0, 6, 0, 7, 9, 8, 5, 9, 3, 0, 7, 5, 6, 1, 5, 5, 6, 4, 5, 7, 0, 5, 7, 2, 7, 4, 8, 1, 7, 0, 2, 2, 5, 6, 7, 3, 8, 4, 3, 7, 2, 3, 8, 5, 4, 5, 4, 8, 0, 2, 3, 6, 7, 5, 4, 0, 9, 5, 9, 1, 5, 4, 2, 3, 3, 3, 6, 2, 2, 0, 2, 6, 9, 8, 5, 9, 3, 1, 3, 7, 7, 0, 8, 1, 9, 2, 1, 7, 8, 9, 2, 7, 3, 0, 9, 7, 9, 4, 1, 6, 7, 9, 0, 3, 1, 3, 5, 9, 9, 9, 1, 2, 6, 7, 7, 5, 3, 1, 3, 1, 7, 6]"
232,0.18955969999660738,0.09103050001431257,nan,0.29639299999689683,0.16336770000634715,7.899495632595894e-11,0.20743809998384677,0.05585510001401417,4.547473508864641e-13,5.591732526429244e-16,1044.145219194957,1044.1452191949575,"[1, 9, 0, 4, 4, 4, 2, 1, 6, 7, 0, 6, 3, 5, 0, 2, 2, 9, 3, 3, 8, 8, 2, 5, 8, 6, 6, 6, 1, 6, 5, 4, 7, 2, 0, 5, 9, 0, 5, 1, 0, 9, 8, 6, 3, 7, 7, 5, 1, 0, 4, 4, 9, 8, 1, 6, 9, 2, 6, 6, 4, 6, 4, 4, 9, 0, 9, 1, 0, 0, 9, 0, 7, 3, 1, 9, 9, 0, 6, 9, 3, 0, 6, 5, 1, 9, 2, 0, 6, 7, 0, 4, 6, 9, 1, 8, 7, 4, 8, 8, 6, 3, 9, 4, 2, 4, 6, 4, 9, 8, 5, 2, 2, 2, 8, 9, 0, 5, 4, 0, 3, 4, 2, 4, 4, 7, 0, 9, 8, 2, 3, 5, 7, 8, 9, 4, 2, 3, 1, 7, 5, 7, 5, 7, 2, 9, 9, 9, 5, 3, 2, 7, 8, 7, 2, 7, 6, 1, 9, 4, 8, 1, 2, 5, 1, 6, 6, 8, 4, 9, 5, 3, 4, 7, 9, 7, 7, 5, 3, 6, 3, 1, 5, 0, 4, 6, 8, 1, 5, 2, 1, 2, 0, 3, 5, 5, 0, 1, 0, 8, 0, 3, 1, 3, 2, 5, 9, 8, 0, 7, 1, 0, 5, 9, 7, 9, 9, 5, 4, 1, 5, 0, 7, 7, 8, 0, 3, 6, 4, 0, 7, 9]"
233,0.18078460000106134,0.1422104999946896,nan,0.36071360000642017,0.2251807999855373,7.845072010945352e-11,0.17459019998204894,0.08994040000834502,1.3642420526593924e-12,7.758229539460797e-16,1045.5204805414915,1045.5204805414928,"[3, 5, 7, 1, 7, 8, 1, 2, 8, 4, 9, 7, 4, 7, 4, 5, 9, 5, 7, 4, 6, 0, 9, 5, 5, 8, 0, 5, 2, 3, 4, 9, 7, 9, 2, 0, 6, 4, 2, 9, 0, 3, 3, 8, 9, 0, 2, 3, 4, 9, 2, 8, 1, 2, 8, 0, 3, 0, 7, 1, 0, 4, 2, 0, 4, 9, 5, 8, 3, 9, 3, 3, 8, 0, 7, 9, 6, 3, 3, 4, 6, 8, 4, 3, 9, 8, 8, 3, 3, 3, 6, 6, 8, 7, 4, 3, 5, 5, 2, 9, 2, 2, 4, 5, 4, 3, 2, 2, 6, 6, 2, 1, 1, 5, 4, 9, 4, 7, 0, 5, 6, 0, 3, 8, 8, 0, 7, 7, 9, 0, 4, 0, 1, 8, 2, 0, 9, 7, 6, 0, 7, 8, 5, 0, 3, 2, 1, 3, 3, 6, 8, 7, 9, 2, 7, 0, 6, 0, 0, 0, 4, 6, 9, 5, 7, 0, 5, 9, 3, 8, 5, 9, 2, 3, 9, 9, 6, 8, 7, 2, 9, 1, 5, 3, 2, 4, 3, 2, 2, 8, 1, 6, 6, 9, 7, 1, 6, 1, 5, 0, 7, 0, 8, 9, 1, 9, 9, 7, 3, 8, 5, 6, 6, 2, 1, 0, 7, 4, 5, 2, 9, 2, 7, 3, 7, 8, 3, 4, 9, 1, 1, 4, 9]"
234,0.25826259999303147,0.06105799999204464,nan,0.30925560000468977,0.27338280002004467,6.973779795872084e-11,0.18411709999782033,0.05175969999982044,1.1368683772161603e-12,7.441781745714863e-16,1052.5274465075804,1052.5274465075793,"[5, 9, 4, 4, 4, 6, 1, 7, 7, 6, 4, 5, 0, 5, 5, 1, 1, 6, 6, 2, 9, 7, 5, 0, 8, 8, 0, 9, 7, 4, 1, 9, 6, 8, 9, 3, 6, 3, 2, 4, 8, 7, 7, 9, 4, 6, 4, 4, 1, 0, 1, 4, 7, 4, 8, 1, 1, 5, 1, 8, 1, 8, 8, 4, 1, 7, 4, 2, 4, 8, 9, 6, 2, 0, 0, 9, 6, 2, 2, 3, 3, 8, 5, 5, 8, 3, 5, 7, 2, 1, 9, 6, 2, 9, 4, 3, 8, 5, 6, 3, 0, 6, 1, 1, 7, 4, 1, 7, 9, 0, 7, 8, 7, 1, 5, 7, 9, 4, 3, 5, 3, 6, 5, 8, 3, 3, 2, 3, 3, 1, 5, 9, 1, 4, 8, 0, 7, 0, 1, 0, 0, 3, 4, 0, 9, 0, 5, 6, 4, 2, 8, 6, 0, 4, 0, 5, 1, 4, 4, 3, 0, 9, 0, 0, 3, 2, 9, 1, 3, 3, 9, 6, 6, 6, 2, 4, 8, 5, 0, 0, 9, 2, 7, 9, 7, 6, 9, 7, 8, 8, 3, 5, 6, 4, 2, 3, 6, 5, 3, 6, 3, 5, 1, 3, 2, 7, 6, 2, 0, 0, 9, 9, 8, 2, 3, 1, 6, 6, 9, 7, 3, 5, 4, 2, 3, 7, 3, 9, 1, 1, 7, 6, 2, 3]"
235,0.17583960000774823,0.15626340001472272,nan,0.28921300001093186,0.22409760000300594,5.501435771088467e-12,0.18733329998212866,0.049933799979044124,4.547473508864641e-13,6.619646596282205e-16,1057.695109671366,1057.6951096713656,"[3, 3, 6, 6, 8, 7, 5, 0, 4, 7, 6, 7, 8, 0, 4, 4, 0, 7, 4, 4, 9, 8, 9, 1, 3, 8, 8, 9, 5, 3, 4, 8, 7, 6, 5, 8, 7, 1, 6, 0, 5, 4, 6, 2, 2, 5, 0, 5, 2, 3, 0, 8, 1, 2, 8, 7, 1, 0, 6, 0, 4, 9, 3, 1, 7, 3, 6, 1, 0, 4, 2, 2, 1, 1, 3, 0, 9, 7, 0, 0, 9, 1, 7, 3, 7, 8, 1, 2, 3, 0, 8, 4, 8, 4, 4, 8, 5, 2, 4, 5, 4, 9, 5, 1, 5, 1, 4, 2, 2, 8, 1, 7, 1, 4, 8, 4, 6, 2, 2, 5, 5, 7, 8, 9, 5, 9, 4, 4, 2, 2, 2, 2, 7, 4, 7, 6, 5, 3, 0, 4, 8, 4, 5, 3, 6, 5, 3, 1, 9, 9, 2, 7, 6, 6, 6, 6, 9, 0, 9, 5, 1, 1, 9, 5, 2, 1, 2, 6, 1, 3, 4, 9, 5, 9, 3, 3, 3, 5, 5, 5, 5, 0, 0, 3, 0, 4, 8, 2, 1, 5, 2, 2, 9, 0, 6, 7, 2, 6, 8, 6, 9, 0, 0, 2, 4, 6, 2, 9, 2, 3, 9, 3, 8, 5, 6, 5, 8, 2, 5, 2, 1, 6, 0, 1, 9, 4, 2, 6, 8, 2, 3, 9, 0, 1, 3]"
236,0.181559799995739,0.003420699998969212,nan,0.5242491000099108,0.20862289998331107,7.1469388758136044e-12,0.5050882000068668,0.07111339998664334,6.821210263296962e-13,4.568617490258587e-16,1059.356269912808,1059.3562699128088,"[0, 8, 3, 5, 6, 2, 4, 7, 1, 8, 8, 2, 2, 1, 4, 2, 3, 3, 1, 0, 3, 0, 2, 5, 9, 6, 0, 0, 3, 3, 1, 7, 9, 0, 3, 8, 7, 6, 6, 3, 0, 0, 6, 7, 4, 8, 5, 4, 8, 6, 1, 1, 6, 5, 5, 8, 6, 1, 8, 5, 5, 5, 5, 7, 7, 6, 0, 4, 6, 1, 1, 0, 9, 0, 1, 5, 9, 1, 3, 4, 4, 7, 1, 2, 1, 4, 0, 2, 7, 2, 3, 8, 3, 2, 8, 7, 7, 1, 9, 5, 8, 9, 7, 6, 0, 4, 3, 3, 0, 5, 7, 8, 5, 0, 1, 4, 6, 0, 5, 5, 6, 5, 8, 4, 7, 2, 4, 5, 1, 9, 3, 6, 0, 3, 0, 3, 2, 5, 6, 7, 2, 3, 7, 7, 6, 6, 3, 0, 7, 6, 0, 9, 6, 7, 1, 9, 4, 0, 2, 1, 0, 1, 2, 2, 5, 7, 5, 5, 6, 8, 2, 8, 1, 8, 1, 7, 0, 7, 4, 5, 6, 0, 2, 8, 3, 1, 5, 7, 0, 7, 3, 2, 4, 3, 8, 8, 2, 1, 5, 1, 8, 3, 1, 8, 2, 2, 8, 6, 5, 7, 6, 5, 2, 1, 7, 9, 3, 8, 8, 3, 4, 6, 8, 4, 6, 0, 0, 9, 4, 5, 6, 4, 8, 6, 2, 0]"
237,0.1959713000105694,0.08426689999760129,nan,0.3507446000003256,0.3274515999946743,2.591381096077219e-11,0.22346370000741445,0.06413919999613427,0.0,4.3852491941401176e-16,1063.0384923182685,1063.0384923182685,"[7, 7, 6, 5, 3, 7, 1, 2, 3, 9, 7, 0, 3, 5, 4, 7, 7, 5, 0, 7, 5, 6, 9, 4, 3, 4, 6, 0, 9, 1, 2, 7, 0, 4, 2, 0, 0, 6, 1, 8, 5, 2, 0, 2, 1, 9, 7, 3, 2, 1, 8, 1, 7, 9, 8, 1, 5, 4, 6, 2, 9, 6, 0, 8, 6, 6, 1, 0, 5, 8, 9, 1, 6, 9, 4, 9, 3, 1, 3, 9, 1, 7, 0, 5, 4, 0, 5, 8, 3, 7, 7, 6, 7, 3, 5, 8, 8, 4, 5, 4, 1, 2, 6, 9, 8, 7, 9, 4, 9, 3, 6, 0, 2, 5, 5, 9, 1, 2, 4, 6, 3, 8, 1, 8, 9, 0, 6, 5, 4, 9, 0, 7, 4, 6, 5, 6, 7, 2, 1, 2, 4, 7, 5, 3, 9, 9, 3, 8, 4, 0, 3, 6, 2, 7, 6, 8, 7, 1, 9, 4, 7, 6, 8, 1, 9, 2, 2, 4, 8, 9, 6, 8, 3, 2, 3, 0, 6, 9, 4, 6, 0, 5, 9, 1, 3, 9, 9, 1, 7, 4, 4, 6, 4, 0, 0, 4, 4, 9, 1, 8, 2, 8, 9, 0, 5, 5, 8, 0, 6, 7, 4, 7, 4, 6, 4, 7, 9, 7, 3, 7, 8, 1, 6, 3, 4, 9, 5, 8, 2, 0, 7, 1, 8, 6, 4, 7, 2]"
238,0.20987540000351146,0.09949520000373013,nan,0.4187236000143457,0.1970067999791354,4.1835796828029325e-12,0.2209032999817282,0.05731340000056662,9.094947017729282e-13,8.065848592764485e-16,1068.643910338522,1068.643910338521,"[3, 3, 3, 5, 7, 6, 3, 4, 5, 1, 2, 5, 5, 0, 7, 6, 7, 3, 0, 8, 5, 2, 7, 9, 9, 3, 2, 8, 8, 9, 7, 3, 7, 4, 8, 8, 4, 4, 8, 2, 6, 6, 4, 1, 2, 2, 0, 7, 1, 5, 0, 7, 1, 3, 5, 3, 2, 0, 4, 3, 3, 7, 1, 5, 9, 1, 8, 1, 3, 9, 8, 1, 2, 2, 4, 2, 2, 8, 5, 1, 6, 4, 6, 4, 3, 2, 5, 6, 4, 0, 5, 0, 2, 1, 8, 9, 9, 2, 0, 1, 0, 5, 5, 2, 5, 0, 7, 7, 0, 7, 3, 5, 8, 6, 1, 8, 8, 6, 1, 0, 9, 5, 0, 2, 7, 9, 6, 4, 7, 2, 6, 2, 5, 9, 7, 7, 0, 5, 5, 1, 1, 5, 5, 2, 4, 5, 3, 7, 7, 5, 2, 3, 6, 8, 3, 7, 5, 1, 4, 1, 0, 0, 6, 6, 5, 1, 2, 3, 4, 1, 1, 6, 7, 4, 0, 1, 8, 3, 7, 5, 0, 8, 9, 3, 8, 3, 9, 9, 0, 8, 8, 0, 5, 0, 4, 4, 2, 6, 8, 9, 8, 7, 6, 0, 8, 1, 3, 4, 9, 4, 3, 4, 3, 4, 9, 7, 4, 3, 6, 5, 5, 4, 9, 2, 7, 1, 5, 3, 8, 2, 4, 8, 5, 7, 1, 5, 9, 3]"
239,0.2378612000029534,0.051360800018301234,nan,0.4498493999999482,0.1806415999890305,2.534175628044849e-10,0.2351634000078775,0.07158429999253713,2.0463630789890885e-12,8.771596278800688e-16,1075.5652265182448,1075.5652265182468,"[7, 5, 9, 7, 9, 9, 1, 7, 7, 3, 5, 8, 8, 8, 6, 4, 2, 4, 3, 1, 7, 2, 9, 6, 9, 7, 5, 7, 7, 4, 7, 0, 6, 7, 3, 5, 8, 6, 3, 0, 6, 6, 0, 3, 7, 7, 0, 1, 7, 3, 2, 9, 3, 8, 1, 1, 2, 3, 4, 6, 3, 7, 2, 2, 2, 5, 6, 4, 7, 9, 4, 3, 9, 0, 9, 7, 2, 2, 6, 3, 1, 3, 5, 4, 8, 9, 4, 0, 0, 1, 8, 1, 0, 3, 0, 3, 6, 3, 3, 3, 0, 0, 8, 5, 6, 5, 7, 8, 5, 1, 6, 8, 3, 4, 1, 9, 9, 6, 9, 6, 6, 8, 3, 6, 9, 4, 7, 7, 5, 5, 0, 5, 6, 2, 0, 0, 6, 9, 2, 7, 2, 9, 4, 3, 9, 8, 0, 5, 5, 5, 0, 2, 7, 2, 3, 3, 4, 7, 3, 3, 9, 1, 6, 6, 2, 6, 3, 6, 9, 6, 7, 8, 8, 1, 9, 7, 1, 7, 0, 8, 9, 9, 7, 6, 0, 2, 7, 1, 0, 7, 5, 6, 8, 2, 7, 6, 7, 4, 6, 8, 9, 4, 9, 2, 5, 2, 8, 2, 1, 0, 1, 1, 2, 8, 7, 9, 0, 0, 5, 1, 6, 9, 2, 6, 3, 0, 6, 6, 5, 5, 8, 9, 4, 4, 3, 9, 5, 4, 9]"
240,0.193735699984245,0.06062419997761026,nan,0.28998510001110844,0.3002066000190098,9.484822643626452e-10,0.19440010000835173,0.049529200012329966,1.8189894035458565e-12,6.51517428579579e-16,1079.3966390973064,1079.3966390973083,"[4, 2, 8, 0, 7, 1, 2, 8, 6, 1, 6, 1, 9, 2, 9, 4, 7, 7, 0, 6, 6, 6, 9, 3, 1, 7, 6, 0, 8, 3, 0, 6, 3, 0, 2, 2, 9, 6, 2, 2, 2, 3, 7, 2, 0, 9, 3, 9, 8, 9, 6, 5, 7, 1, 1, 2, 9, 1, 4, 1, 2, 1, 9, 3, 7, 2, 4, 9, 8, 8, 4, 2, 7, 8, 9, 3, 0, 1, 9, 9, 7, 9, 3, 2, 2, 0, 0, 3, 8, 9, 8, 9, 7, 4, 9, 9, 6, 0, 8, 9, 0, 3, 8, 1, 8, 8, 4, 4, 1, 6, 8, 9, 0, 3, 4, 7, 5, 9, 1, 1, 5, 6, 0, 5, 6, 1, 8, 5, 5, 1, 7, 2, 3, 2, 1, 3, 7, 7, 6, 6, 6, 2, 2, 4, 4, 3, 6, 3, 7, 1, 3, 9, 6, 6, 5, 7, 2, 9, 2, 4, 6, 1, 4, 5, 6, 7, 5, 6, 6, 2, 9, 0, 1, 7, 8, 3, 7, 4, 8, 6, 8, 7, 8, 0, 4, 5, 5, 9, 5, 7, 5, 8, 1, 9, 0, 4, 9, 9, 7, 4, 0, 2, 6, 0, 2, 6, 8, 9, 8, 4, 5, 9, 6, 9, 1, 4, 2, 7, 1, 8, 2, 0, 2, 0, 3, 8, 2, 3, 6, 9, 6, 0, 4, 6, 1, 1, 1, 1, 5, 9]"
241,0.31329710001591593,0.23007119999965653,nan,0.32263049998437054,0.19126179997692816,2.0802172681067293e-10,0.20180909999180585,0.054883200005861,9.094947017729282e-13,4.940765329896595e-16,1082.9125845805759,1082.912584580575,"[1, 1, 4, 1, 7, 1, 5, 5, 7, 2, 4, 7, 3, 3, 3, 8, 4, 1, 8, 6, 8, 0, 7, 0, 7, 6, 8, 6, 2, 9, 5, 3, 6, 8, 2, 8, 1, 4, 0, 5, 9, 1, 7, 6, 7, 2, 1, 5, 1, 6, 2, 9, 6, 5, 7, 6, 4, 6, 1, 9, 1, 9, 7, 3, 4, 7, 7, 8, 8, 3, 7, 0, 7, 5, 0, 7, 4, 9, 2, 0, 6, 1, 2, 0, 8, 7, 1, 2, 6, 2, 5, 1, 6, 5, 5, 1, 9, 7, 1, 0, 5, 2, 4, 3, 6, 0, 4, 7, 5, 6, 4, 8, 8, 5, 8, 4, 4, 4, 6, 6, 7, 6, 2, 8, 1, 2, 7, 4, 7, 8, 1, 1, 2, 8, 0, 5, 4, 5, 9, 2, 3, 0, 1, 8, 4, 5, 6, 0, 8, 8, 6, 8, 6, 3, 4, 1, 7, 2, 0, 3, 6, 0, 9, 7, 2, 0, 3, 5, 9, 8, 6, 3, 9, 7, 7, 7, 9, 5, 1, 9, 6, 7, 4, 8, 1, 9, 6, 9, 7, 0, 2, 0, 1, 7, 0, 9, 3, 6, 5, 2, 2, 1, 3, 8, 5, 1, 5, 3, 6, 9, 3, 0, 1, 4, 6, 5, 9, 0, 6, 7, 7, 2, 7, 1, 4, 6, 6, 3, 3, 7, 7, 5, 6, 6, 5, 8, 2, 0, 1, 8, 6]"
242,0.2107939000125043,0.16949050000403076,nan,0.2920866000058595,0.2420181999914348,1.8169900602879656e-11,0.18917440000222996,0.052254100010031834,6.821210263296962e-13,5.805495157760157e-16,1087.9646631056125,1087.9646631056119,"[0, 1, 1, 0, 6, 6, 8, 2, 9, 6, 5, 8, 6, 0, 0, 6, 3, 2, 4, 3, 0, 5, 5, 4, 9, 0, 7, 1, 1, 0, 7, 2, 9, 2, 8, 3, 1, 8, 0, 4, 9, 0, 5, 4, 8, 2, 7, 8, 8, 8, 9, 8, 1, 9, 5, 2, 8, 6, 3, 0, 7, 8, 0, 8, 5, 1, 7, 0, 1, 1, 0, 4, 7, 8, 4, 9, 7, 7, 6, 0, 1, 5, 3, 4, 1, 3, 1, 3, 9, 2, 4, 9, 5, 8, 8, 9, 3, 6, 2, 3, 7, 8, 3, 3, 2, 1, 0, 6, 2, 3, 5, 2, 9, 4, 9, 1, 2, 8, 6, 9, 9, 9, 9, 8, 9, 0, 6, 4, 2, 3, 0, 4, 5, 5, 7, 5, 7, 7, 1, 5, 3, 6, 7, 7, 7, 9, 7, 4, 1, 3, 3, 9, 3, 8, 8, 2, 8, 9, 1, 4, 1, 2, 5, 0, 1, 3, 7, 6, 0, 4, 4, 1, 2, 5, 7, 0, 9, 2, 8, 7, 2, 6, 6, 7, 0, 4, 5, 0, 1, 7, 7, 5, 2, 6, 1, 6, 4, 7, 2, 7, 5, 8, 2, 8, 1, 0, 5, 8, 5, 8, 4, 9, 9, 7, 0, 0, 4, 5, 6, 2, 6, 2, 0, 2, 0, 2, 5, 7, 7, 7, 0, 4, 4, 9, 4, 3, 1, 6, 3, 1, 6, 7]"
243,0.21095629999763332,0.2011724000039976,nan,0.45253690000390634,0.2654257999965921,8.716673048560793e-12,0.23223870000219904,0.08097710000583902,4.547473508864641e-13,5.871468811509734e-16,1096.2105313055051,1096.2105313055047,"[9, 1, 6, 7, 5, 8, 4, 8, 4, 4, 1, 5, 4, 2, 1, 6, 9, 4, 8, 0, 9, 6, 1, 9, 5, 5, 5, 8, 7, 8, 8, 8, 3, 0, 6, 5, 4, 5, 3, 8, 2, 3, 8, 8, 0, 7, 6, 5, 2, 8, 5, 0, 5, 9, 8, 8, 3, 3, 9, 9, 8, 6, 0, 3, 5, 1, 4, 8, 0, 1, 1, 1, 3, 1, 0, 6, 2, 8, 7, 9, 8, 9, 3, 5, 0, 2, 3, 3, 5, 3, 1, 3, 4, 9, 8, 4, 5, 2, 0, 4, 5, 9, 4, 6, 6, 3, 1, 0, 6, 8, 9, 8, 5, 6, 0, 2, 6, 7, 3, 5, 2, 9, 4, 2, 8, 6, 2, 7, 1, 3, 2, 6, 4, 0, 1, 6, 5, 8, 4, 2, 3, 6, 2, 5, 1, 1, 5, 7, 3, 2, 3, 6, 4, 5, 9, 8, 5, 3, 6, 2, 4, 1, 6, 2, 9, 1, 3, 7, 7, 1, 8, 9, 6, 8, 3, 7, 3, 7, 7, 7, 9, 6, 4, 1, 8, 2, 0, 3, 7, 1, 5, 8, 6, 6, 8, 5, 5, 5, 7, 5, 5, 7, 9, 9, 6, 3, 0, 5, 2, 5, 3, 3, 7, 5, 2, 3, 7, 7, 1, 8, 6, 1, 3, 3, 2, 5, 5, 1, 3, 3, 7, 4, 8, 6, 2, 6, 0, 6, 0, 6, 0, 8, 9]"
244,0.24516730001778342,0.14548760000616312,nan,0.4501707000017632,0.17384750000201166,4.952524511002809e-08,0.25001390001852997,0.040073599986499175,4.547473508864641e-13,5.363634825776671e-16,1097.4374318417026,1097.4374318417022,"[2, 0, 7, 8, 1, 3, 6, 0, 5, 6, 7, 8, 9, 1, 2, 7, 7, 7, 5, 7, 1, 6, 9, 6, 3, 9, 5, 4, 2, 9, 1, 8, 3, 4, 5, 0, 6, 5, 3, 8, 3, 5, 5, 1, 1, 2, 3, 1, 6, 7, 3, 2, 6, 9, 3, 7, 2, 2, 5, 1, 0, 5, 2, 7, 7, 2, 3, 2, 8, 8, 6, 2, 6, 7, 7, 3, 6, 7, 9, 3, 7, 3, 8, 2, 1, 2, 8, 3, 9, 2, 7, 1, 5, 6, 3, 4, 1, 1, 3, 5, 7, 9, 1, 5, 6, 8, 9, 0, 0, 1, 3, 3, 2, 5, 8, 0, 6, 4, 2, 3, 4, 8, 7, 6, 3, 6, 1, 2, 5, 6, 3, 2, 5, 1, 2, 4, 9, 1, 3, 0, 5, 1, 0, 6, 5, 3, 8, 2, 2, 2, 3, 8, 1, 7, 7, 7, 1, 7, 2, 1, 9, 0, 9, 7, 2, 1, 1, 4, 0, 8, 2, 6, 8, 2, 5, 2, 1, 0, 7, 8, 4, 1, 2, 3, 3, 2, 9, 8, 5, 6, 6, 5, 7, 2, 2, 2, 0, 5, 1, 7, 5, 3, 1, 9, 1, 4, 7, 7, 0, 8, 8, 1, 1, 5, 1, 6, 9, 4, 5, 8, 4, 6, 0, 8, 6, 2, 7, 1, 4, 6, 6, 9, 7, 4, 5, 5, 2, 7, 5, 1, 8, 0, 8, 4]"
245,0.22769299999345094,0.17337569998926483,nan,0.3486802999977954,0.17211409998708405,2.820044329097738e-11,0.27897899999516085,0.0840019999886863,1.3642420526593924e-12,6.503709434131008e-16,1100.2915764508043,1100.2915764508057,"[2, 6, 3, 7, 7, 5, 4, 4, 3, 9, 3, 4, 7, 7, 9, 9, 5, 8, 8, 2, 4, 4, 0, 4, 8, 0, 3, 4, 2, 7, 0, 9, 2, 1, 5, 3, 3, 4, 5, 4, 7, 1, 5, 4, 2, 2, 2, 6, 7, 8, 3, 5, 0, 2, 6, 9, 3, 1, 2, 9, 2, 8, 6, 9, 9, 7, 3, 1, 9, 1, 1, 7, 3, 2, 8, 3, 6, 2, 2, 7, 7, 4, 7, 3, 6, 0, 5, 1, 3, 9, 4, 3, 6, 9, 2, 4, 4, 0, 4, 2, 5, 8, 2, 0, 8, 1, 3, 4, 3, 0, 9, 6, 9, 3, 3, 5, 9, 0, 0, 0, 7, 2, 8, 4, 7, 9, 1, 2, 4, 1, 0, 2, 2, 2, 9, 9, 0, 3, 0, 2, 9, 2, 9, 1, 7, 9, 7, 0, 5, 3, 2, 7, 4, 1, 4, 2, 2, 8, 4, 0, 8, 5, 2, 7, 1, 4, 6, 5, 9, 8, 1, 8, 6, 9, 7, 3, 5, 0, 2, 1, 4, 3, 5, 8, 2, 0, 4, 0, 7, 2, 6, 5, 1, 7, 3, 0, 1, 3, 5, 7, 4, 5, 0, 7, 6, 5, 5, 3, 6, 9, 2, 5, 0, 1, 5, 2, 6, 8, 4, 2, 9, 6, 4, 2, 5, 8, 6, 7, 2, 1, 2, 5, 9, 0, 2, 7, 4, 4, 2, 5, 3, 6, 6, 3, 3]"
246,0.3286001000087708,0.1640385999926366,nan,0.471148099983111,0.14556069998070598,1.6236236721626934e-11,0.23139200001605786,0.14223630001652054,4.547473508864641e-13,7.571029650570991e-16,1105.163839356152,1105.1638393561525,"[5, 2, 1, 6, 9, 9, 3, 7, 5, 7, 5, 4, 6, 0, 5, 3, 9, 8, 0, 8, 4, 8, 5, 8, 4, 2, 6, 6, 1, 2, 2, 3, 2, 0, 8, 1, 0, 8, 0, 0, 7, 4, 9, 4, 6, 2, 5, 3, 3, 8, 5, 3, 6, 0, 6, 2, 8, 9, 9, 1, 7, 6, 4, 5, 3, 9, 8, 9, 8, 1, 2, 1, 8, 6, 1, 0, 9, 1, 9, 6, 1, 1, 3, 5, 0, 8, 8, 4, 4, 1, 5, 0, 6, 4, 5, 7, 7, 8, 6, 7, 6, 6, 7, 8, 8, 0, 7, 9, 9, 7, 4, 6, 5, 0, 8, 9, 7, 2, 9, 2, 3, 0, 6, 2, 9, 1, 1, 3, 5, 9, 7, 7, 2, 6, 3, 1, 6, 8, 5, 2, 5, 5, 6, 1, 1, 9, 5, 9, 4, 8, 0, 6, 3, 8, 1, 1, 1, 1, 6, 8, 6, 7, 8, 9, 7, 1, 0, 8, 1, 9, 1, 1, 1, 6, 7, 1, 3, 1, 7, 1, 9, 6, 8, 3, 1, 9, 6, 0, 8, 1, 7, 5, 6, 5, 9, 1, 3, 3, 2, 7, 0, 7, 5, 9, 7, 6, 1, 1, 9, 5, 9, 6, 9, 8, 7, 2, 2, 8, 4, 2, 3, 0, 8, 7, 6, 2, 9, 9, 5, 7, 9, 0, 8, 6, 5, 5, 5, 2, 5, 7, 2, 5, 9, 3, 8, 8]"
247,0.3678242000169121,0.14955170001485385,nan,0.523514200001955,0.17583039999590255,1.869835284701916e-11,0.24008009998942725,0.0424963999830652,1.5916157281026244e-12,4.910952833065001e-16,1109.9155911085893,1109.915591108591,"[9, 4, 8, 7, 4, 8, 0, 7, 9, 7, 5, 8, 4, 5, 2, 6, 0, 4, 4, 2, 1, 3, 6, 4, 3, 2, 9, 6, 0, 0, 9, 4, 0, 8, 8, 5, 9, 5, 0, 1, 0, 4, 9, 1, 8, 3, 2, 6, 0, 8, 6, 9, 3, 4, 8, 0, 5, 7, 5, 4, 7, 4, 1, 3, 1, 5, 4, 8, 8, 2, 8, 9, 2, 1, 9, 4, 3, 6, 0, 0, 9, 4, 8, 9, 4, 2, 4, 1, 9, 6, 3, 7, 4, 9, 0, 7, 1, 4, 6, 9, 1, 2, 6, 5, 3, 3, 8, 7, 2, 6, 8, 9, 2, 1, 2, 5, 4, 8, 6, 0, 6, 2, 5, 6, 2, 5, 5, 7, 3, 8, 0, 8, 6, 3, 2, 1, 6, 1, 3, 3, 8, 2, 5, 4, 1, 4, 8, 7, 5, 5, 8, 7, 5, 9, 9, 4, 6, 1, 0, 4, 9, 0, 0, 0, 1, 7, 8, 5, 4, 1, 6, 8, 8, 6, 6, 8, 6, 4, 4, 6, 1, 0, 7, 3, 5, 5, 0, 6, 2, 1, 1, 3, 2, 0, 9, 2, 6, 1, 0, 4, 1, 0, 6, 7, 0, 2, 5, 0, 4, 1, 7, 4, 5, 7, 4, 6, 0, 4, 1, 9, 4, 0, 5, 1, 8, 5, 4, 8, 4, 2, 0, 5, 8, 2, 5, 8, 7, 6, 8, 4, 4, 9, 9, 6, 7, 8, 3]"
248,0.3705486000108067,0.23792900002445094,nan,0.47699339999235235,0.14648399999714456,1.8516422763694955e-10,0.2110951000067871,0.05273180000949651,2.2737367544323206e-13,6.367545850185319e-16,1119.2958043100205,1119.2958043100207,"[3, 3, 3, 9, 6, 3, 3, 2, 1, 2, 7, 7, 9, 1, 4, 8, 7, 9, 2, 8, 5, 9, 0, 2, 4, 1, 3, 8, 4, 6, 3, 2, 5, 6, 0, 9, 5, 8, 2, 5, 9, 3, 9, 3, 6, 5, 5, 2, 8, 3, 8, 8, 6, 7, 5, 2, 1, 2, 4, 7, 8, 2, 8, 0, 2, 0, 1, 0, 4, 5, 5, 9, 3, 1, 4, 8, 7, 7, 5, 8, 1, 1, 6, 4, 9, 5, 5, 8, 5, 4, 3, 5, 3, 4, 4, 4, 9, 4, 4, 3, 8, 6, 1, 2, 4, 8, 2, 0, 2, 7, 2, 1, 6, 4, 1, 6, 2, 6, 4, 2, 1, 7, 7, 9, 6, 5, 5, 7, 0, 3, 2, 9, 7, 4, 1, 9, 2, 2, 3, 8, 1, 4, 0, 3, 3, 4, 9, 8, 0, 0, 6, 7, 6, 8, 8, 3, 1, 9, 6, 6, 4, 8, 4, 2, 2, 8, 7, 6, 0, 2, 8, 8, 7, 0, 1, 1, 6, 6, 7, 8, 4, 2, 0, 2, 2, 5, 3, 9, 4, 3, 7, 1, 8, 8, 5, 4, 9, 3, 0, 5, 5, 4, 5, 8, 3, 8, 4, 4, 6, 0, 8, 2, 6, 5, 2, 7, 3, 0, 9, 1, 0, 8, 4, 0, 8, 9, 4, 8, 2, 1, 8, 1, 3, 6, 2, 8, 7, 6, 4, 7, 5, 0, 3, 7, 0, 6, 1, 8]"
249,0.2714768000005279,0.24176669999724254,nan,0.34673240000847727,0.1518182000145316,4.73793735302981e-10,0.2317670999909751,0.06362700002500787,6.821210263296962e-13,5.029142570524858e-16,1121.0786112759333,1121.078611275934,"[3, 0, 6, 7, 2, 7, 2, 1, 6, 5, 9, 1, 6, 1, 3, 9, 2, 5, 6, 2, 8, 8, 5, 4, 6, 5, 1, 0, 0, 4, 2, 3, 0, 0, 1, 4, 1, 8, 8, 5, 9, 8, 2, 0, 8, 1, 8, 9, 6, 2, 1, 8, 0, 5, 1, 3, 4, 1, 2, 1, 8, 1, 1, 3, 9, 5, 6, 2, 8, 2, 2, 8, 0, 9, 0, 9, 8, 4, 9, 2, 6, 8, 0, 0, 4, 3, 7, 4, 2, 3, 8, 6, 1, 8, 5, 7, 7, 2, 4, 5, 8, 7, 0, 9, 9, 4, 3, 3, 6, 2, 2, 1, 9, 7, 9, 1, 7, 6, 0, 9, 2, 3, 8, 2, 8, 0, 0, 7, 3, 6, 2, 6, 7, 8, 1, 5, 3, 6, 1, 1, 1, 6, 6, 7, 5, 3, 0, 9, 1, 4, 4, 8, 3, 0, 2, 7, 6, 4, 1, 0, 5, 7, 4, 8, 8, 4, 3, 1, 1, 9, 8, 7, 4, 4, 5, 6, 9, 1, 0, 7, 3, 8, 6, 8, 5, 2, 0, 9, 4, 9, 8, 0, 9, 0, 6, 4, 1, 0, 3, 4, 4, 3, 2, 3, 4, 9, 6, 8, 1, 1, 9, 2, 4, 3, 0, 2, 3, 6, 7, 2, 2, 7, 2, 7, 7, 2, 2, 8, 6, 3, 8, 5, 3, 4, 6, 1, 7, 1, 7, 0, 1, 9, 8, 4, 1, 3, 1, 4, 2]"
250,0.23022699999273755,0.23381060000974685,nan,0.32613519998267293,0.14222849998623133,5.133892091358142e-10,0.19160439999541268,0.05313499999465421,6.821210263296962e-13,7.119386301600095e-16,1127.5065772574296,1127.506577257429,"[4, 9, 7, 8, 2, 5, 8, 6, 7, 4, 4, 6, 6, 9, 9, 4, 2, 4, 7, 5, 7, 6, 2, 1, 8, 7, 6, 8, 6, 4, 8, 8, 6, 4, 0, 9, 4, 1, 8, 8, 4, 2, 2, 8, 1, 8, 9, 6, 7, 1, 4, 5, 3, 9, 7, 9, 8, 3, 5, 7, 1, 4, 6, 0, 6, 7, 8, 5, 2, 9, 2, 7, 2, 3, 8, 3, 7, 7, 1, 0, 4, 0, 7, 7, 9, 7, 8, 0, 0, 6, 4, 3, 1, 7, 5, 4, 5, 8, 2, 8, 6, 8, 8, 9, 0, 2, 5, 0, 2, 4, 2, 6, 4, 1, 3, 2, 6, 6, 4, 4, 1, 5, 4, 1, 1, 1, 1, 7, 9, 3, 7, 3, 9, 2, 6, 4, 4, 2, 7, 5, 5, 3, 4, 9, 1, 1, 3, 8, 2, 2, 4, 3, 3, 7, 6, 5, 5, 7, 5, 5, 6, 0, 4, 4, 7, 5, 2, 6, 0, 4, 1, 0, 2, 7, 3, 9, 5, 0, 0, 6, 7, 9, 0, 5, 0, 3, 1, 2, 1, 1, 2, 6, 2, 8, 2, 3, 5, 7, 1, 4, 6, 3, 7, 5, 4, 0, 6, 1, 8, 3, 2, 8, 4, 0, 7, 1, 2, 3, 1, 5, 4, 4, 7, 4, 3, 6, 6, 0, 1, 7, 3, 4, 1, 7, 5, 9, 3, 5, 0, 9, 5, 3, 5, 7, 4, 5, 6, 5, 9, 0]"
251,0.2182897000166122,0.230792799993651,nan,0.31988129997625947,0.1469282000034582,7.157410391958612e-11,0.20020250001107343,0.07488140001078136,4.547473508864641e-13,1.0529757209849293e-15,1126.972722601656,1126.9727226016564,"[7, 5, 9, 4, 7, 8, 1, 2, 2, 4, 8, 0, 6, 8, 5, 6, 0, 6, 6, 3, 9, 9, 1, 4, 8, 0, 6, 4, 9, 1, 6, 3, 1, 9, 8, 8, 8, 4, 7, 6, 7, 0, 7, 0, 1, 5, 8, 2, 8, 9, 1, 4, 6, 8, 0, 1, 4, 6, 2, 2, 9, 8, 3, 5, 8, 4, 7, 3, 1, 7, 5, 7, 7, 1, 1, 5, 7, 7, 0, 2, 5, 3, 8, 2, 5, 7, 6, 5, 1, 9, 2, 4, 0, 1, 4, 2, 8, 5, 2, 8, 1, 4, 0, 9, 4, 3, 5, 6, 4, 5, 7, 4, 4, 3, 8, 2, 4, 3, 8, 7, 0, 0, 0, 1, 4, 0, 6, 4, 0, 7, 2, 9, 0, 7, 1, 8, 7, 4, 3, 5, 6, 5, 6, 8, 3, 3, 3, 5, 1, 1, 4, 5, 8, 7, 3, 8, 4, 7, 5, 5, 1, 1, 9, 8, 5, 1, 8, 2, 8, 8, 8, 9, 5, 6, 7, 5, 2, 5, 6, 1, 5, 1, 8, 6, 7, 2, 7, 8, 0, 9, 3, 3, 1, 9, 1, 6, 3, 4, 1, 0, 2, 0, 8, 5, 3, 1, 7, 5, 5, 8, 9, 1, 1, 3, 9, 5, 9, 4, 7, 6, 5, 3, 0, 5, 8, 1, 1, 8, 7, 8, 5, 9, 9, 2, 9, 5, 8, 1, 9, 9, 1, 9, 4, 9, 9, 5, 0, 6, 8, 0, 7]"
252,0.2031557000009343,0.2261014000105206,nan,0.3419611999997869,0.1721460999979172,1.3976248177989046e-10,0.19378090000827797,0.05540620000101626,4.547473508864641e-13,7.250729112090078e-16,1132.6471992306085,1132.647199230609,"[7, 7, 8, 6, 6, 9, 7, 7, 2, 7, 1, 1, 5, 2, 2, 1, 4, 5, 1, 6, 9, 1, 6, 2, 1, 7, 5, 5, 5, 9, 8, 8, 2, 0, 2, 1, 9, 3, 1, 3, 6, 0, 8, 8, 3, 8, 8, 1, 9, 2, 2, 0, 1, 5, 4, 4, 8, 7, 4, 2, 8, 8, 6, 7, 1, 9, 2, 1, 6, 1, 0, 8, 1, 1, 7, 3, 5, 3, 9, 8, 1, 6, 4, 5, 6, 7, 6, 5, 2, 5, 0, 3, 3, 1, 6, 1, 3, 1, 0, 5, 3, 2, 5, 3, 8, 5, 1, 0, 8, 5, 1, 3, 9, 1, 8, 7, 9, 7, 9, 8, 9, 0, 7, 4, 7, 6, 3, 1, 4, 0, 8, 8, 7, 4, 2, 0, 4, 8, 5, 7, 3, 0, 2, 1, 9, 9, 8, 4, 0, 5, 4, 6, 0, 3, 7, 3, 5, 6, 9, 9, 2, 2, 9, 0, 7, 3, 7, 3, 0, 1, 5, 4, 5, 8, 7, 0, 2, 5, 6, 1, 3, 9, 4, 1, 5, 3, 9, 7, 6, 1, 9, 7, 8, 7, 4, 1, 1, 7, 3, 9, 1, 0, 9, 1, 1, 4, 1, 3, 4, 2, 0, 5, 7, 3, 3, 1, 3, 2, 9, 4, 7, 8, 9, 4, 2, 1, 2, 1, 9, 7, 9, 4, 3, 8, 4, 0, 3, 2, 4, 0, 1, 2, 7, 8, 0, 8, 8, 7, 7, 4, 7, 2]"
253,0.23955019999993965,0.16039229999296367,nan,0.5168931999942288,0.16908029999467544,9.146194593673405e-11,0.2762658999999985,0.10848369999439456,9.094947017729282e-13,6.688748209352441e-16,1140.184760253454,1140.184760253455,"[4, 9, 7, 4, 2, 6, 6, 1, 3, 5, 6, 1, 0, 8, 5, 8, 9, 0, 1, 0, 3, 5, 6, 0, 2, 2, 6, 4, 2, 3, 8, 2, 7, 2, 0, 5, 0, 9, 2, 8, 8, 6, 0, 5, 0, 4, 5, 1, 1, 2, 8, 5, 2, 2, 9, 9, 9, 9, 4, 4, 5, 6, 5, 9, 8, 6, 9, 6, 5, 4, 3, 5, 8, 8, 2, 5, 3, 1, 9, 5, 0, 2, 8, 2, 2, 5, 6, 4, 9, 9, 0, 9, 9, 3, 0, 3, 9, 1, 9, 3, 7, 3, 0, 7, 9, 3, 2, 8, 7, 2, 9, 8, 8, 2, 3, 6, 4, 2, 0, 6, 9, 2, 4, 9, 0, 2, 2, 8, 4, 7, 7, 6, 4, 1, 3, 1, 5, 2, 6, 7, 9, 5, 3, 4, 6, 9, 4, 7, 3, 1, 6, 4, 4, 9, 8, 8, 4, 5, 8, 1, 5, 3, 8, 6, 9, 7, 2, 2, 1, 1, 3, 9, 6, 6, 3, 8, 0, 0, 7, 2, 8, 3, 8, 7, 8, 9, 6, 5, 4, 6, 9, 6, 3, 1, 4, 7, 3, 2, 4, 3, 6, 1, 9, 7, 5, 5, 5, 7, 4, 8, 2, 2, 9, 6, 7, 0, 9, 2, 4, 2, 0, 5, 3, 9, 8, 0, 0, 7, 0, 5, 5, 6, 2, 6, 2, 9, 2, 4, 0, 4, 3, 8, 6, 1, 0, 8, 6, 4, 3, 5, 3, 1, 9]"
254,0.2573880999989342,0.23036700001102872,nan,0.41608259998611175,0.15391470000031404,2.1032270329774609e-10,0.1991025999886915,0.0620401999913156,1.1368683772161603e-12,6.371325482411173e-16,1144.6029809791112,1144.6029809791123,"[5, 6, 2, 3, 2, 8, 9, 2, 3, 6, 0, 8, 5, 4, 3, 0, 5, 8, 2, 3, 3, 8, 6, 2, 3, 1, 5, 6, 4, 2, 3, 9, 6, 9, 4, 2, 4, 1, 3, 7, 2, 0, 4, 3, 3, 3, 0, 7, 1, 4, 5, 7, 6, 9, 3, 8, 1, 0, 4, 9, 6, 5, 3, 2, 3, 3, 8, 3, 9, 1, 8, 0, 9, 9, 8, 3, 2, 9, 9, 5, 0, 7, 5, 6, 9, 5, 9, 2, 1, 5, 3, 5, 9, 7, 7, 0, 0, 8, 8, 6, 2, 4, 5, 9, 0, 5, 9, 4, 9, 3, 5, 5, 9, 4, 4, 0, 0, 1, 3, 9, 2, 9, 9, 3, 1, 5, 7, 5, 7, 7, 8, 7, 7, 6, 4, 0, 2, 0, 2, 0, 4, 0, 7, 7, 0, 0, 5, 6, 8, 5, 3, 1, 2, 4, 4, 8, 2, 7, 7, 5, 8, 6, 0, 9, 1, 4, 9, 4, 8, 4, 7, 4, 6, 2, 6, 3, 7, 1, 7, 5, 8, 1, 4, 3, 2, 2, 3, 8, 6, 4, 5, 5, 1, 5, 5, 3, 3, 5, 3, 4, 7, 8, 4, 9, 7, 0, 5, 6, 0, 9, 2, 9, 2, 9, 8, 4, 7, 5, 3, 0, 8, 6, 5, 8, 1, 0, 8, 2, 0, 6, 5, 3, 9, 5, 3, 2, 2, 4, 5, 1, 9, 5, 8, 4, 3, 1, 2, 5, 2, 2, 6, 2, 7, 5]"
255,0.353108000010252,0.2200670000165701,nan,0.4315205999882892,0.14832999999634922,7.902800127850146e-11,0.23264090000884607,0.038821800000732765,6.821210263296962e-13,7.984855090040109e-16,1148.734015372462,1148.7340153724626,"[6, 8, 1, 4, 3, 2, 9, 8, 5, 2, 4, 7, 6, 0, 2, 4, 5, 7, 2, 0, 2, 4, 3, 4, 0, 7, 3, 3, 4, 4, 6, 5, 4, 8, 3, 6, 6, 1, 1, 8, 1, 0, 5, 1, 4, 3, 3, 4, 2, 4, 4, 2, 9, 8, 1, 2, 3, 7, 7, 2, 7, 8, 7, 3, 8, 7, 9, 1, 2, 2, 9, 9, 2, 3, 5, 1, 3, 3, 8, 9, 5, 3, 5, 8, 3, 1, 8, 3, 3, 6, 5, 5, 7, 9, 4, 6, 8, 9, 5, 4, 4, 7, 8, 6, 5, 2, 2, 5, 1, 4, 3, 7, 3, 5, 5, 0, 4, 9, 9, 7, 0, 7, 5, 5, 9, 5, 4, 2, 0, 6, 4, 9, 4, 6, 2, 0, 8, 0, 6, 8, 5, 6, 2, 9, 6, 6, 2, 7, 9, 3, 4, 0, 2, 5, 4, 3, 0, 8, 0, 7, 7, 0, 7, 1, 7, 8, 5, 5, 4, 2, 4, 0, 7, 8, 0, 2, 5, 4, 1, 7, 6, 7, 7, 4, 3, 6, 9, 5, 9, 9, 3, 0, 8, 2, 3, 7, 2, 9, 6, 1, 7, 6, 2, 7, 7, 2, 6, 8, 2, 6, 8, 8, 9, 6, 6, 4, 1, 9, 6, 9, 7, 6, 8, 7, 0, 2, 2, 9, 7, 3, 2, 2, 5, 9, 9, 9, 2, 9, 7, 7, 4, 1, 9, 1, 2, 5, 3, 5, 9, 3, 3, 0, 0, 3, 4]"
256,0.22388020000653341,0.22639960001106374,nan,0.3453143000078853,0.1669279999914579,5.001271959430357e-10,0.20413179998286068,0.05786269999225624,4.547473508864641e-13,6.175225736672893e-16,1151.4579349970668,1151.4579349970672,"[5, 9, 0, 8, 1, 2, 5, 7, 4, 8, 4, 7, 2, 8, 3, 0, 4, 3, 2, 1, 9, 7, 2, 7, 4, 3, 7, 3, 5, 1, 3, 4, 6, 3, 4, 6, 5, 1, 8, 8, 2, 6, 0, 5, 5, 1, 7, 6, 8, 8, 8, 5, 5, 3, 9, 8, 1, 1, 4, 8, 8, 3, 7, 3, 6, 6, 2, 1, 5, 0, 0, 9, 5, 9, 6, 4, 8, 3, 1, 3, 9, 5, 5, 5, 1, 2, 3, 7, 1, 2, 4, 3, 2, 2, 8, 0, 0, 5, 1, 4, 8, 4, 6, 4, 9, 7, 4, 8, 0, 9, 6, 9, 4, 0, 7, 0, 1, 2, 9, 1, 1, 3, 4, 7, 0, 0, 4, 2, 1, 6, 9, 9, 4, 0, 0, 3, 2, 5, 0, 9, 8, 0, 8, 9, 6, 7, 4, 0, 8, 5, 9, 7, 4, 8, 6, 2, 7, 0, 3, 7, 4, 8, 1, 1, 1, 9, 1, 1, 7, 3, 5, 9, 1, 0, 9, 6, 4, 7, 2, 3, 4, 7, 0, 5, 8, 9, 8, 8, 0, 7, 6, 4, 1, 5, 6, 6, 8, 0, 7, 0, 1, 7, 3, 5, 0, 4, 0, 8, 5, 7, 9, 7, 3, 3, 6, 1, 3, 1, 6, 1, 5, 0, 2, 4, 5, 6, 0, 0, 2, 8, 5, 7, 7, 9, 7, 0, 9, 4, 5, 2, 3, 8, 4, 5, 9, 8, 4, 0, 2, 8, 8, 3, 6, 7, 7, 1]"
257,0.24497959998552687,0.21833989999140613,nan,0.35836579999886453,0.16964370000641793,3.074242364692055e-10,0.20458590000635013,0.09016910000354983,2.2737367544323206e-13,7.794141727658947e-16,1156.3693812070248,1156.3693812070246,"[5, 1, 3, 2, 9, 1, 9, 0, 0, 5, 2, 4, 7, 1, 3, 0, 3, 5, 3, 6, 3, 5, 2, 9, 5, 7, 0, 6, 0, 3, 9, 1, 7, 2, 9, 3, 2, 2, 6, 9, 1, 9, 7, 1, 8, 9, 6, 1, 4, 6, 7, 3, 5, 1, 3, 0, 6, 3, 4, 0, 5, 1, 9, 9, 9, 0, 0, 4, 2, 2, 1, 3, 3, 2, 4, 0, 4, 1, 2, 2, 9, 2, 5, 0, 4, 5, 1, 2, 9, 3, 1, 3, 1, 9, 4, 2, 2, 1, 0, 4, 5, 2, 5, 0, 2, 3, 1, 9, 2, 8, 6, 4, 7, 5, 7, 3, 0, 1, 6, 2, 0, 8, 4, 6, 0, 1, 2, 9, 3, 9, 0, 6, 8, 2, 7, 1, 2, 4, 5, 0, 1, 5, 0, 8, 4, 1, 2, 3, 4, 4, 3, 4, 4, 6, 3, 3, 0, 0, 4, 2, 4, 8, 3, 5, 3, 9, 0, 5, 4, 6, 7, 4, 8, 7, 2, 7, 4, 4, 5, 4, 5, 7, 0, 1, 4, 6, 3, 7, 5, 6, 1, 6, 9, 3, 9, 9, 9, 0, 6, 9, 2, 4, 3, 6, 2, 8, 5, 8, 1, 4, 5, 7, 5, 4, 9, 9, 6, 3, 4, 5, 7, 2, 2, 8, 7, 8, 8, 0, 2, 1, 9, 0, 3, 5, 1, 9, 1, 3, 4, 0, 1, 9, 6, 2, 7, 5, 2, 4, 3, 4, 0, 5, 6, 1, 3, 4, 6]"
258,0.21922110000741668,0.22314370001549833,nan,0.344251800008351,0.1559823999996297,3.0381759216370705e-10,0.20734510000329465,0.0792391000140924,0.0,5.387370811621903e-16,1162.3135118333205,1162.3135118333205,"[4, 0, 4, 4, 8, 4, 3, 1, 7, 7, 5, 5, 0, 9, 1, 4, 0, 3, 4, 6, 8, 7, 8, 2, 1, 2, 4, 1, 6, 8, 5, 1, 6, 5, 5, 2, 0, 9, 7, 7, 0, 1, 9, 9, 9, 5, 6, 4, 1, 7, 1, 5, 1, 2, 8, 8, 8, 8, 9, 5, 7, 3, 0, 7, 9, 0, 6, 8, 2, 5, 8, 9, 7, 9, 7, 7, 4, 2, 4, 0, 2, 5, 7, 8, 0, 6, 2, 2, 3, 2, 4, 9, 5, 5, 2, 8, 3, 9, 2, 8, 2, 8, 8, 0, 8, 9, 0, 0, 2, 9, 7, 0, 4, 1, 4, 4, 4, 7, 1, 1, 8, 0, 2, 1, 3, 9, 4, 0, 8, 7, 9, 1, 8, 0, 8, 2, 6, 6, 5, 8, 9, 4, 7, 7, 0, 6, 3, 8, 3, 7, 7, 7, 2, 9, 0, 2, 6, 9, 0, 7, 9, 6, 1, 9, 9, 1, 4, 9, 3, 7, 8, 8, 8, 3, 6, 7, 4, 0, 6, 3, 2, 9, 9, 9, 9, 5, 4, 3, 3, 0, 0, 3, 6, 7, 1, 4, 0, 5, 3, 1, 5, 8, 4, 5, 6, 7, 7, 6, 5, 2, 6, 6, 2, 9, 1, 2, 5, 3, 9, 7, 2, 7, 2, 8, 0, 7, 7, 7, 5, 0, 3, 6, 9, 3, 6, 2, 9, 7, 2, 9, 7, 6, 9, 3, 0, 7, 3, 4, 6, 1, 2, 5, 9, 9, 0, 5, 5, 1]"
259,0.22226119998958893,0.2250052000163123,nan,0.34902730002067983,0.15901059997850098,9.858133325313016e-09,0.20518610000726767,0.19545210001524538,6.821210263296962e-13,6.527356677454253e-16,1164.7221939604888,1164.7221939604894,"[2, 9, 9, 8, 0, 9, 5, 4, 9, 6, 9, 6, 2, 8, 6, 0, 5, 9, 3, 1, 6, 0, 1, 0, 5, 2, 2, 9, 1, 9, 9, 9, 1, 6, 5, 6, 5, 3, 2, 1, 9, 1, 4, 9, 6, 6, 8, 1, 6, 0, 4, 2, 6, 2, 6, 8, 0, 8, 3, 1, 6, 7, 1, 5, 1, 6, 0, 6, 6, 8, 9, 3, 5, 2, 4, 7, 2, 3, 3, 2, 5, 4, 4, 6, 0, 1, 0, 5, 2, 0, 5, 5, 6, 1, 5, 2, 9, 4, 9, 7, 9, 9, 1, 4, 6, 1, 2, 0, 6, 7, 4, 2, 9, 3, 2, 5, 8, 4, 0, 7, 2, 4, 4, 2, 2, 1, 7, 7, 1, 2, 5, 5, 9, 3, 2, 9, 3, 3, 1, 3, 0, 5, 1, 0, 5, 6, 7, 5, 9, 9, 7, 8, 5, 6, 7, 3, 9, 1, 6, 2, 9, 5, 8, 5, 9, 2, 5, 7, 3, 0, 5, 0, 6, 1, 2, 2, 5, 6, 7, 3, 8, 1, 3, 9, 5, 1, 4, 8, 5, 1, 3, 3, 8, 6, 4, 0, 1, 3, 4, 5, 8, 3, 0, 0, 5, 5, 4, 2, 9, 3, 5, 1, 6, 1, 1, 6, 9, 4, 4, 3, 2, 2, 9, 5, 8, 2, 3, 3, 1, 8, 9, 4, 9, 6, 2, 8, 4, 9, 5, 7, 2, 8, 3, 5, 1, 9, 0, 4, 4, 5, 6, 9, 0, 2, 3, 4, 8, 3, 3]"
260,0.24257140001282096,0.22862429998349398,nan,0.46124949998920783,0.15297319999081083,4.812606763312486e-10,0.2285002999997232,0.34865369999897666,0.0,6.123549298994782e-16,1166.9944738956126,1166.9944738956126,"[9, 6, 7, 4, 4, 7, 5, 7, 0, 2, 4, 7, 0, 2, 5, 5, 7, 2, 2, 3, 4, 2, 5, 3, 4, 9, 9, 3, 8, 9, 9, 1, 9, 2, 5, 0, 9, 5, 9, 0, 9, 0, 3, 7, 5, 3, 5, 3, 5, 7, 5, 9, 7, 7, 9, 9, 6, 1, 7, 3, 9, 7, 0, 6, 0, 1, 8, 5, 2, 1, 8, 5, 6, 3, 7, 8, 3, 2, 4, 4, 1, 8, 9, 6, 0, 3, 0, 4, 4, 0, 8, 1, 3, 7, 9, 2, 1, 5, 6, 3, 2, 3, 9, 6, 2, 0, 5, 4, 6, 3, 6, 9, 0, 3, 5, 0, 7, 5, 1, 5, 5, 4, 5, 5, 4, 9, 3, 0, 1, 0, 1, 1, 1, 1, 4, 7, 9, 5, 4, 8, 8, 4, 2, 5, 3, 7, 9, 8, 3, 0, 7, 0, 3, 4, 7, 0, 3, 8, 0, 2, 0, 5, 6, 6, 0, 2, 4, 3, 7, 8, 8, 9, 9, 6, 1, 3, 1, 9, 5, 0, 6, 6, 3, 3, 8, 2, 0, 7, 4, 4, 3, 2, 9, 5, 2, 4, 8, 7, 7, 7, 7, 5, 0, 2, 6, 2, 6, 9, 5, 1, 8, 6, 9, 5, 1, 8, 1, 9, 4, 5, 0, 0, 0, 5, 6, 7, 9, 4, 0, 4, 4, 1, 8, 9, 9, 2, 3, 5, 6, 5, 5, 9, 8, 7, 7, 9, 7, 2, 2, 3, 0, 2, 4, 9, 3, 3, 1, 7, 9, 5]"
261,0.22850840000319295,0.21617080000578426,nan,0.3481827999930829,0.17052980000153184,4.421863783210409e-11,0.20394520001718774,0.08165180002106354,6.821210263296962e-13,9.506031400676578e-16,1179.7838023348934,1179.783802334894,"[1, 1, 9, 4, 8, 7, 6, 9, 0, 7, 4, 8, 0, 1, 1, 1, 5, 9, 3, 3, 2, 1, 7, 8, 1, 5, 3, 8, 8, 0, 9, 7, 9, 7, 0, 1, 4, 4, 2, 2, 4, 4, 9, 8, 5, 7, 3, 7, 2, 0, 7, 0, 1, 4, 0, 2, 3, 7, 3, 1, 2, 8, 2, 3, 1, 4, 9, 4, 4, 2, 7, 0, 1, 1, 0, 3, 5, 4, 2, 1, 8, 6, 5, 2, 2, 6, 7, 1, 6, 0, 9, 7, 0, 5, 8, 3, 2, 7, 3, 9, 0, 0, 3, 8, 2, 1, 9, 9, 7, 7, 6, 7, 2, 7, 9, 2, 3, 1, 5, 5, 8, 0, 6, 6, 1, 4, 1, 9, 4, 0, 7, 5, 2, 2, 9, 0, 2, 7, 3, 4, 9, 5, 4, 2, 7, 3, 9, 5, 5, 5, 8, 5, 2, 6, 7, 9, 0, 8, 1, 6, 9, 4, 0, 8, 0, 7, 4, 1, 5, 4, 6, 6, 9, 0, 1, 9, 6, 8, 1, 2, 9, 9, 7, 1, 3, 7, 8, 7, 5, 5, 0, 3, 8, 9, 2, 6, 3, 8, 0, 2, 1, 3, 2, 6, 1, 1, 7, 1, 7, 9, 0, 5, 7, 1, 7, 6, 9, 2, 2, 4, 7, 1, 8, 3, 7, 1, 0, 4, 8, 7, 1, 2, 8, 5, 3, 3, 1, 4, 1, 0, 6, 2, 2, 6, 4, 0, 0, 4, 4, 4, 1, 1, 1, 7, 4, 1, 9, 0, 6, 6, 6]"
262,0.23564319999422878,0.23951189999934286,nan,0.39646620000712574,0.11284280000836588,5.410513549975688e-10,0.25657919998047873,0.06470759998774156,2.0463630789890885e-12,7.679634738840001e-16,1174.7819597858525,1174.7819597858545,"[1, 1, 2, 6, 9, 5, 0, 8, 5, 7, 2, 0, 7, 2, 4, 7, 3, 2, 0, 7, 3, 1, 4, 4, 6, 9, 0, 1, 1, 6, 4, 6, 5, 4, 0, 4, 1, 0, 7, 1, 7, 5, 5, 5, 5, 3, 5, 4, 2, 3, 5, 9, 6, 2, 5, 0, 2, 4, 4, 0, 6, 9, 1, 5, 1, 6, 1, 5, 8, 6, 4, 1, 2, 9, 4, 9, 0, 5, 1, 4, 5, 3, 0, 5, 3, 8, 6, 9, 1, 9, 7, 9, 8, 0, 8, 5, 1, 9, 3, 9, 0, 7, 9, 5, 6, 6, 4, 0, 5, 3, 1, 7, 7, 7, 0, 4, 7, 1, 1, 3, 9, 4, 3, 0, 2, 9, 2, 9, 4, 0, 6, 7, 6, 7, 6, 6, 3, 6, 5, 6, 9, 5, 6, 5, 4, 1, 2, 2, 3, 4, 0, 6, 9, 4, 4, 7, 3, 9, 9, 4, 8, 0, 8, 5, 6, 8, 2, 4, 3, 1, 2, 3, 5, 0, 0, 9, 7, 1, 9, 5, 0, 8, 6, 0, 1, 5, 8, 9, 2, 0, 3, 4, 4, 5, 5, 5, 9, 2, 2, 8, 9, 0, 2, 6, 5, 6, 5, 7, 1, 3, 8, 1, 4, 0, 9, 4, 0, 5, 4, 7, 4, 2, 7, 0, 0, 7, 2, 8, 9, 3, 6, 2, 0, 7, 8, 2, 5, 6, 5, 9, 0, 3, 5, 1, 4, 6, 8, 1, 0, 8, 6, 6, 7, 0, 1, 0, 2, 4, 2, 7, 6, 6]"
263,0.23208509999676608,0.24344220000784844,nan,0.3568684999772813,0.143290000007255,1.5811173614492325e-09,0.20164840001962148,0.2579793000186328,9.094947017729282e-13,5.697503770305629e-16,1188.475864103988,1188.475864103989,"[1, 4, 4, 8, 2, 5, 4, 8, 9, 8, 9, 8, 3, 1, 6, 9, 4, 2, 3, 4, 3, 5, 2, 4, 1, 5, 6, 8, 0, 2, 5, 3, 3, 8, 6, 3, 0, 5, 3, 2, 9, 6, 0, 8, 4, 9, 3, 8, 1, 7, 9, 4, 5, 6, 6, 6, 8, 1, 1, 5, 9, 0, 5, 9, 5, 5, 4, 3, 1, 3, 1, 3, 4, 7, 9, 3, 0, 9, 3, 3, 0, 3, 0, 1, 0, 6, 0, 3, 7, 5, 6, 0, 4, 9, 0, 4, 2, 8, 2, 1, 2, 4, 1, 2, 3, 8, 5, 4, 6, 3, 0, 7, 2, 9, 0, 6, 1, 2, 6, 7, 5, 0, 6, 6, 0, 1, 5, 6, 1, 0, 1, 3, 4, 0, 6, 4, 7, 6, 1, 8, 2, 6, 5, 0, 9, 0, 7, 2, 0, 6, 1, 6, 1, 5, 9, 4, 8, 2, 9, 6, 8, 1, 3, 4, 2, 3, 3, 6, 1, 3, 0, 5, 9, 9, 4, 8, 4, 4, 8, 1, 0, 5, 6, 5, 8, 8, 7, 3, 1, 0, 6, 2, 2, 9, 8, 0, 2, 3, 1, 0, 2, 7, 9, 6, 2, 7, 1, 9, 1, 6, 8, 5, 0, 8, 4, 4, 4, 7, 6, 7, 9, 0, 4, 1, 2, 1, 8, 1, 1, 8, 0, 3, 1, 3, 5, 1, 7, 8, 5, 6, 8, 2, 0, 1, 4, 6, 8, 0, 1, 9, 8, 3, 5, 5, 1, 7, 9, 8, 2, 7, 6, 8, 7]"
264,0.2408894000109285,0.23039349997998215,nan,0.36316000000806525,0.16461639999761246,6.83027087148163e-10,0.20617339998716488,0.069221000012476,9.094947017729282e-13,8.631883613874853e-16,1185.16035119872,1185.160351198721,"[3, 4, 8, 7, 1, 2, 2, 1, 6, 5, 2, 6, 5, 1, 8, 4, 2, 4, 7, 0, 5, 9, 9, 3, 2, 5, 7, 6, 4, 0, 9, 1, 1, 4, 5, 4, 3, 2, 1, 1, 5, 7, 3, 5, 2, 4, 2, 6, 9, 6, 0, 5, 5, 8, 8, 2, 1, 2, 5, 8, 8, 7, 5, 0, 0, 3, 2, 6, 4, 7, 6, 8, 5, 4, 9, 4, 3, 8, 1, 9, 2, 0, 6, 9, 8, 7, 2, 4, 6, 0, 2, 0, 6, 4, 5, 3, 7, 0, 6, 8, 0, 4, 1, 3, 8, 3, 7, 4, 5, 2, 1, 8, 3, 2, 0, 1, 5, 5, 3, 6, 7, 3, 5, 7, 6, 9, 9, 0, 9, 1, 8, 5, 0, 6, 6, 9, 8, 2, 3, 1, 4, 5, 2, 0, 3, 8, 4, 2, 1, 7, 5, 9, 2, 6, 0, 9, 1, 6, 3, 7, 3, 0, 5, 2, 2, 5, 3, 6, 7, 8, 5, 0, 5, 2, 5, 4, 8, 8, 7, 7, 3, 8, 6, 1, 1, 9, 5, 3, 5, 2, 1, 5, 1, 4, 9, 6, 7, 4, 7, 8, 1, 9, 6, 4, 9, 8, 9, 6, 0, 4, 5, 1, 8, 0, 2, 6, 3, 3, 4, 9, 0, 7, 8, 1, 5, 6, 0, 2, 4, 4, 0, 3, 0, 8, 9, 1, 3, 4, 5, 1, 8, 3, 8, 5, 6, 7, 1, 2, 7, 0, 6, 2, 1, 0, 5, 0, 9, 5, 3, 2, 7, 7, 9, 6]"
265,0.23836089999531396,0.294706499989843,nan,0.37263850000454113,0.10605480000958778,5.333323838423445e-10,0.20692589998361655,0.06945700000505894,1.8189894035458565e-12,5.652537286686771e-16,1195.198572724449,1195.198572724447,"[8, 4, 5, 2, 0, 4, 5, 0, 3, 5, 7, 4, 5, 1, 8, 0, 5, 2, 5, 4, 9, 6, 7, 4, 8, 3, 3, 4, 6, 2, 4, 2, 5, 0, 5, 2, 6, 6, 4, 0, 0, 3, 3, 2, 3, 6, 8, 7, 8, 7, 1, 1, 3, 6, 6, 8, 3, 6, 3, 3, 5, 1, 4, 2, 3, 3, 1, 6, 3, 2, 9, 9, 3, 3, 3, 7, 2, 7, 6, 0, 0, 4, 5, 5, 4, 9, 5, 9, 3, 7, 9, 5, 1, 5, 9, 4, 0, 7, 8, 9, 3, 4, 5, 6, 5, 1, 0, 2, 2, 8, 2, 9, 9, 7, 4, 5, 4, 1, 9, 5, 6, 1, 8, 2, 0, 4, 3, 1, 7, 2, 4, 1, 5, 3, 6, 9, 2, 9, 5, 9, 3, 2, 7, 4, 1, 3, 1, 5, 4, 0, 0, 6, 1, 7, 3, 3, 5, 2, 0, 4, 4, 4, 3, 6, 3, 2, 9, 8, 9, 2, 4, 0, 1, 8, 2, 4, 0, 0, 4, 6, 0, 2, 0, 4, 9, 4, 3, 0, 4, 0, 1, 0, 0, 7, 1, 5, 2, 9, 4, 0, 7, 7, 6, 3, 0, 0, 4, 8, 5, 3, 0, 1, 5, 3, 5, 6, 4, 0, 8, 1, 6, 6, 1, 6, 6, 7, 0, 1, 5, 1, 4, 6, 8, 4, 9, 7, 9, 0, 0, 6, 4, 3, 5, 5, 7, 0, 4, 5, 3, 1, 8, 3, 1, 0, 1, 3, 2, 1, 9, 3, 3, 5, 5, 0, 5]"
266,0.24339540000073612,0.36195829999633133,nan,0.3759266999841202,0.10673459997633472,2.389591299282269e-10,0.2071709000156261,0.22199479999835603,2.2737367544323206e-13,7.319135290669996e-16,1196.9859971381538,1196.985997138154,"[1, 9, 0, 5, 9, 6, 0, 6, 8, 0, 8, 2, 9, 2, 5, 0, 8, 8, 5, 5, 2, 9, 3, 1, 3, 7, 0, 2, 8, 9, 5, 2, 2, 1, 6, 1, 1, 8, 6, 6, 9, 3, 6, 1, 5, 2, 9, 0, 8, 9, 1, 8, 9, 8, 7, 4, 1, 7, 8, 6, 6, 9, 3, 3, 3, 4, 1, 9, 2, 0, 9, 3, 6, 2, 7, 2, 1, 9, 9, 8, 8, 5, 4, 5, 1, 9, 1, 1, 9, 9, 9, 9, 6, 0, 3, 6, 8, 4, 6, 7, 4, 8, 4, 8, 6, 2, 3, 1, 1, 5, 0, 3, 1, 0, 9, 9, 9, 5, 5, 6, 8, 9, 8, 3, 5, 4, 8, 8, 5, 6, 7, 1, 7, 1, 4, 3, 7, 5, 1, 5, 0, 7, 4, 2, 9, 0, 6, 5, 3, 6, 7, 4, 6, 9, 0, 5, 1, 3, 7, 5, 9, 5, 9, 6, 5, 1, 5, 1, 7, 4, 2, 1, 3, 1, 6, 8, 7, 3, 6, 7, 0, 3, 4, 8, 3, 9, 9, 4, 8, 0, 1, 2, 7, 5, 8, 1, 0, 7, 6, 2, 0, 9, 6, 1, 4, 5, 7, 0, 4, 5, 7, 9, 0, 1, 4, 1, 9, 5, 1, 8, 0, 2, 5, 2, 5, 6, 9, 4, 2, 6, 4, 2, 0, 8, 1, 3, 2, 0, 1, 1, 1, 3, 8, 2, 3, 7, 0, 8, 7, 5, 2, 5, 8, 3, 2, 0, 8, 8, 6, 7, 4, 3, 5, 4, 9, 1]"
267,0.2416273999842815,0.3049790999793913,nan,0.3866248000122141,0.09618079999927431,6.252535427582224e-10,0.21404180000536144,0.08086410001851618,2.2737367544323206e-13,6.127872313510631e-16,1201.8996540288047,1201.8996540288044,"[9, 5, 9, 6, 9, 5, 2, 5, 9, 9, 6, 2, 5, 6, 6, 7, 8, 3, 0, 2, 8, 7, 9, 5, 8, 7, 2, 9, 2, 7, 8, 7, 9, 6, 7, 6, 3, 4, 5, 0, 1, 8, 0, 3, 4, 6, 3, 3, 8, 0, 7, 9, 7, 4, 7, 3, 0, 3, 9, 5, 9, 8, 5, 9, 1, 9, 1, 7, 6, 6, 3, 0, 5, 4, 1, 3, 2, 4, 8, 5, 3, 4, 4, 4, 6, 8, 4, 3, 0, 0, 3, 2, 7, 1, 4, 3, 2, 0, 0, 0, 4, 8, 1, 9, 8, 0, 8, 2, 8, 0, 3, 3, 7, 5, 2, 1, 5, 7, 7, 3, 7, 7, 3, 1, 4, 7, 1, 6, 6, 6, 1, 1, 0, 1, 3, 5, 2, 6, 7, 5, 6, 8, 2, 0, 8, 5, 1, 9, 7, 7, 3, 4, 3, 2, 4, 9, 8, 9, 8, 9, 8, 2, 4, 6, 6, 4, 9, 2, 2, 2, 0, 7, 9, 4, 4, 3, 7, 7, 2, 7, 0, 7, 1, 8, 8, 3, 0, 5, 3, 6, 8, 1, 2, 0, 1, 4, 6, 8, 5, 0, 5, 9, 9, 6, 7, 0, 3, 9, 7, 0, 6, 6, 8, 9, 1, 6, 4, 6, 1, 0, 5, 7, 2, 5, 6, 6, 0, 9, 4, 6, 1, 4, 2, 2, 3, 1, 2, 6, 3, 5, 0, 9, 1, 2, 7, 7, 5, 4, 3, 5, 7, 4, 5, 8, 1, 4, 4, 7, 4, 5, 6, 6, 7, 2, 9, 2, 2]"
268,0.2521361999970395,0.3029353999882005,nan,0.3915221000206657,0.12374470001668669,8.471323854998646e-11,0.21971270002541132,0.06509139999980107,2.2737367544323206e-13,6.606541255806682e-16,1204.2866354109283,1204.286635410928,"[1, 6, 7, 5, 3, 7, 9, 8, 7, 5, 8, 0, 3, 0, 8, 2, 8, 3, 3, 4, 9, 5, 8, 0, 1, 2, 8, 4, 9, 6, 2, 8, 0, 4, 3, 4, 6, 9, 6, 6, 0, 9, 3, 3, 1, 7, 9, 1, 7, 9, 2, 7, 2, 9, 7, 4, 6, 2, 7, 5, 7, 0, 0, 4, 9, 2, 2, 4, 9, 2, 1, 8, 9, 9, 5, 8, 6, 1, 8, 2, 3, 9, 1, 6, 9, 9, 0, 4, 7, 6, 2, 9, 0, 1, 0, 9, 0, 5, 4, 4, 9, 7, 6, 7, 1, 8, 7, 1, 8, 8, 5, 6, 3, 7, 7, 6, 9, 0, 3, 9, 0, 0, 8, 7, 1, 0, 7, 5, 8, 3, 5, 1, 5, 8, 1, 3, 6, 2, 4, 6, 3, 7, 6, 0, 8, 1, 5, 2, 1, 7, 1, 6, 9, 9, 1, 7, 0, 2, 5, 4, 5, 3, 4, 4, 7, 4, 2, 5, 7, 6, 3, 2, 8, 3, 8, 1, 4, 2, 0, 8, 2, 0, 0, 2, 4, 5, 7, 0, 9, 5, 1, 5, 2, 0, 2, 7, 6, 3, 0, 5, 1, 0, 2, 7, 2, 4, 5, 0, 7, 1, 4, 0, 7, 4, 0, 1, 8, 1, 5, 6, 8, 5, 3, 9, 0, 6, 6, 0, 6, 3, 5, 2, 7, 2, 9, 5, 2, 8, 7, 8, 1, 8, 9, 0, 7, 0, 4, 6, 2, 4, 9, 8, 4, 4, 0, 8, 2, 5, 9, 5, 6, 1, 8, 3, 8, 1, 0, 2]"
269,0.252707499981625,0.30758130000322126,nan,0.39750089999870397,0.09403400000883266,4.678078891836744e-11,0.21242959998198785,0.0738188999821432,2.2737367544323206e-13,7.246079292200508e-16,1211.2663977001314,1211.2663977001316,"[6, 3, 5, 7, 8, 6, 1, 6, 2, 9, 9, 0, 4, 2, 8, 8, 0, 7, 1, 4, 1, 7, 7, 2, 9, 5, 5, 2, 0, 1, 4, 9, 1, 8, 6, 8, 8, 9, 6, 9, 6, 7, 0, 0, 5, 2, 8, 5, 8, 8, 9, 7, 6, 1, 9, 0, 1, 8, 4, 2, 3, 6, 3, 9, 2, 4, 7, 7, 8, 1, 4, 6, 1, 9, 1, 6, 5, 5, 2, 3, 1, 7, 7, 1, 7, 1, 8, 4, 5, 1, 6, 6, 6, 4, 1, 3, 7, 0, 0, 0, 4, 1, 3, 7, 5, 7, 3, 5, 4, 1, 5, 5, 5, 0, 2, 9, 5, 0, 0, 3, 2, 1, 7, 9, 4, 9, 8, 5, 5, 9, 6, 2, 1, 5, 5, 7, 0, 7, 5, 1, 1, 1, 4, 5, 6, 6, 5, 2, 4, 3, 7, 4, 2, 2, 5, 6, 5, 2, 9, 7, 7, 1, 7, 8, 6, 0, 8, 3, 8, 8, 4, 3, 5, 9, 5, 4, 8, 7, 9, 7, 0, 4, 6, 5, 6, 1, 2, 9, 7, 0, 2, 9, 1, 3, 6, 1, 0, 7, 0, 3, 9, 5, 2, 7, 1, 8, 8, 6, 1, 8, 1, 4, 9, 2, 9, 8, 3, 2, 9, 5, 5, 8, 7, 2, 6, 8, 3, 2, 1, 4, 9, 0, 8, 5, 9, 2, 2, 9, 2, 7, 2, 2, 3, 0, 3, 3, 2, 8, 3, 1, 8, 2, 9, 6, 1, 9, 5, 5, 7, 0, 1, 3, 6, 3, 4, 6, 7, 6, 3]"
270,0.25352050000219606,0.3178532999882009,nan,0.4002131000161171,0.1105196000135038,2.420352020480422e-10,0.2149850999994669,0.06218479998642579,4.547473508864641e-13,6.603989975056667e-16,1211.4424121581092,1211.4424121581087,"[7, 7, 2, 3, 4, 2, 5, 2, 4, 0, 7, 9, 1, 0, 4, 9, 9, 3, 5, 5, 7, 5, 6, 4, 5, 6, 4, 1, 5, 7, 9, 6, 0, 8, 9, 5, 6, 5, 4, 4, 3, 5, 4, 8, 4, 1, 3, 8, 8, 7, 2, 4, 4, 8, 9, 2, 4, 8, 6, 2, 9, 0, 0, 7, 6, 4, 6, 0, 4, 9, 5, 0, 1, 3, 4, 5, 6, 2, 8, 2, 0, 1, 0, 5, 8, 4, 0, 2, 9, 3, 4, 6, 8, 2, 6, 6, 0, 5, 6, 6, 0, 0, 7, 9, 7, 9, 7, 9, 6, 8, 4, 2, 6, 3, 6, 7, 9, 5, 2, 1, 5, 6, 0, 7, 3, 5, 7, 4, 2, 1, 9, 5, 9, 4, 2, 6, 9, 1, 6, 2, 2, 2, 6, 8, 3, 9, 2, 6, 2, 3, 9, 1, 4, 2, 3, 3, 3, 4, 2, 7, 6, 4, 9, 6, 8, 6, 9, 4, 8, 7, 2, 3, 3, 7, 8, 7, 0, 6, 2, 5, 3, 9, 3, 8, 5, 9, 7, 6, 6, 8, 1, 7, 8, 2, 3, 5, 3, 0, 7, 7, 0, 7, 8, 5, 1, 5, 3, 5, 3, 8, 9, 8, 8, 8, 2, 6, 1, 6, 5, 1, 4, 9, 1, 5, 9, 3, 9, 1, 2, 5, 5, 8, 0, 0, 5, 1, 6, 1, 9, 2, 6, 2, 6, 7, 4, 1, 8, 5, 5, 6, 4, 0, 4, 2, 4, 1, 9, 9, 3, 0, 7, 7, 0, 8, 0, 7, 9, 4, 7, 1]"
271,0.25289810000685975,0.3165265000134241,nan,0.40306260000215843,0.09320279999519698,5.4698762650797e-11,0.22086150001268834,0.06568080000579357,2.2737367544323206e-12,7.42753413031353e-16,1221.8434649132887,1221.8434649132864,"[5, 5, 3, 1, 1, 5, 9, 6, 0, 3, 1, 3, 1, 8, 1, 7, 3, 8, 0, 3, 0, 0, 7, 3, 8, 6, 8, 3, 6, 9, 5, 9, 6, 0, 9, 7, 3, 8, 2, 4, 3, 8, 5, 1, 8, 3, 4, 3, 1, 0, 7, 1, 0, 1, 5, 9, 8, 3, 0, 8, 6, 3, 7, 3, 4, 4, 1, 2, 1, 4, 3, 6, 5, 5, 4, 5, 6, 1, 1, 9, 0, 1, 6, 7, 7, 4, 1, 6, 3, 9, 2, 1, 9, 5, 7, 3, 9, 7, 5, 9, 5, 0, 1, 0, 2, 5, 0, 5, 0, 9, 9, 6, 1, 6, 3, 3, 1, 6, 1, 8, 2, 0, 7, 1, 4, 9, 0, 0, 6, 7, 0, 8, 5, 0, 0, 1, 7, 1, 4, 4, 0, 7, 4, 6, 0, 6, 4, 0, 4, 1, 9, 0, 4, 9, 3, 5, 5, 0, 6, 9, 3, 7, 1, 4, 7, 9, 4, 1, 7, 6, 8, 7, 1, 9, 5, 1, 0, 3, 7, 2, 7, 8, 9, 9, 1, 5, 4, 8, 7, 2, 4, 3, 9, 6, 9, 2, 4, 1, 4, 2, 7, 3, 9, 4, 4, 7, 7, 3, 4, 3, 0, 2, 0, 8, 7, 8, 9, 5, 8, 2, 9, 3, 0, 0, 9, 4, 8, 9, 9, 2, 9, 9, 0, 5, 4, 3, 6, 4, 9, 0, 5, 3, 9, 8, 2, 9, 0, 4, 5, 2, 7, 3, 2, 7, 6, 7, 3, 8, 3, 7, 9, 9, 3, 2, 0, 0, 6, 5, 7, 5, 8]"
272,0.266251299995929,0.2964289999799803,nan,0.4244170000019949,0.0927543000143487,5.42685738801286e-10,0.22870870001497678,0.07677239997428842,0.0,5.780144436798926e-16,1224.507896457491,1224.507896457491,"[5, 9, 8, 5, 7, 4, 9, 8, 3, 8, 8, 1, 7, 9, 2, 4, 8, 4, 9, 6, 2, 4, 2, 6, 3, 7, 7, 7, 9, 4, 8, 7, 4, 3, 4, 4, 5, 0, 6, 2, 8, 1, 3, 5, 2, 2, 9, 9, 0, 4, 4, 5, 6, 0, 4, 2, 3, 1, 1, 5, 6, 8, 8, 1, 4, 7, 0, 9, 8, 5, 4, 4, 0, 4, 7, 2, 9, 4, 3, 8, 6, 5, 1, 7, 5, 3, 0, 6, 3, 8, 5, 3, 8, 5, 2, 9, 3, 1, 0, 7, 3, 6, 9, 3, 4, 1, 3, 8, 8, 5, 7, 9, 9, 0, 7, 5, 7, 1, 0, 4, 5, 3, 4, 4, 0, 8, 1, 7, 8, 2, 6, 7, 0, 6, 0, 7, 4, 3, 5, 1, 6, 4, 5, 2, 8, 1, 0, 4, 3, 8, 5, 8, 0, 3, 6, 0, 1, 9, 9, 3, 6, 4, 4, 9, 6, 6, 9, 1, 0, 3, 3, 4, 0, 8, 3, 2, 9, 3, 3, 7, 1, 6, 9, 4, 9, 7, 2, 7, 9, 5, 2, 9, 5, 9, 7, 1, 9, 5, 2, 3, 4, 0, 8, 1, 5, 2, 4, 8, 7, 8, 0, 3, 1, 8, 8, 3, 2, 2, 3, 3, 0, 0, 1, 5, 6, 9, 6, 1, 7, 9, 5, 1, 5, 4, 8, 2, 9, 9, 1, 2, 0, 1, 7, 8, 0, 9, 1, 0, 9, 7, 3, 1, 4, 2, 5, 5, 8, 2, 0, 0, 3, 0, 4, 7, 7, 5, 5, 1, 9, 6, 1, 6]"
273,0.3288757000118494,0.3022738000145182,nan,0.4469414000050165,0.10417329997289926,8.507659335573932e-10,0.24356319999787956,0.0889943000220228,1.1368683772161603e-12,7.7099823432685e-16,1227.421056742618,1227.4210567426169,"[2, 4, 0, 5, 1, 7, 5, 8, 1, 4, 8, 7, 9, 0, 2, 5, 7, 1, 8, 4, 1, 7, 7, 7, 8, 3, 8, 0, 0, 3, 2, 1, 7, 6, 8, 0, 4, 4, 3, 3, 3, 9, 1, 7, 5, 8, 5, 7, 0, 5, 6, 9, 2, 7, 7, 5, 1, 1, 6, 3, 9, 3, 4, 9, 4, 3, 7, 2, 6, 4, 4, 7, 3, 2, 3, 6, 8, 7, 6, 6, 8, 6, 9, 0, 6, 2, 1, 1, 9, 8, 6, 3, 1, 1, 0, 8, 5, 8, 8, 6, 0, 0, 0, 4, 5, 8, 9, 3, 9, 8, 6, 0, 2, 9, 5, 8, 6, 2, 6, 2, 1, 5, 7, 3, 0, 1, 6, 7, 8, 5, 9, 6, 9, 8, 1, 6, 9, 2, 5, 3, 4, 7, 3, 2, 4, 6, 3, 6, 5, 0, 7, 7, 6, 9, 1, 3, 5, 0, 3, 0, 2, 2, 5, 3, 1, 1, 7, 2, 5, 0, 8, 9, 5, 2, 2, 0, 8, 1, 0, 6, 4, 6, 5, 2, 2, 3, 2, 7, 6, 2, 8, 7, 3, 0, 4, 2, 9, 3, 3, 1, 6, 6, 2, 1, 4, 5, 1, 0, 5, 5, 2, 9, 0, 5, 9, 8, 5, 4, 5, 1, 8, 8, 8, 0, 3, 2, 1, 6, 2, 1, 1, 6, 5, 6, 3, 8, 2, 9, 9, 3, 9, 8, 3, 3, 0, 1, 5, 2, 4, 2, 1, 1, 6, 3, 6, 4, 6, 8, 5, 6, 4, 1, 7, 7, 1, 1, 5, 5, 1, 7, 3, 2, 5]"
274,0.3101631999888923,0.3020968000055291,nan,0.46138959997915663,0.10548120000748895,1.450926194947721e-10,0.26482209999812767,0.07940840002265759,6.821210263296962e-13,5.191665394813053e-16,1229.6146206392934,1229.6146206392941,"[6, 4, 7, 1, 7, 0, 5, 4, 7, 2, 8, 8, 2, 5, 3, 5, 6, 4, 0, 2, 8, 0, 9, 8, 9, 8, 9, 4, 9, 1, 9, 6, 6, 2, 5, 5, 1, 8, 1, 3, 3, 4, 5, 4, 5, 3, 4, 1, 3, 8, 8, 8, 9, 6, 6, 9, 5, 5, 8, 6, 8, 1, 7, 0, 1, 7, 9, 1, 3, 4, 2, 3, 9, 2, 4, 1, 4, 7, 1, 2, 9, 4, 2, 8, 1, 9, 6, 9, 2, 9, 4, 3, 8, 3, 8, 2, 2, 9, 7, 5, 2, 7, 4, 4, 5, 8, 2, 5, 0, 1, 7, 4, 7, 1, 0, 2, 0, 5, 1, 8, 7, 6, 8, 3, 3, 0, 0, 7, 5, 5, 2, 2, 8, 4, 0, 8, 7, 2, 1, 8, 5, 6, 0, 6, 5, 2, 2, 9, 8, 9, 2, 6, 3, 3, 1, 1, 1, 0, 5, 6, 5, 4, 6, 8, 3, 5, 9, 2, 3, 5, 3, 3, 6, 3, 7, 3, 5, 0, 9, 8, 5, 9, 2, 1, 3, 4, 0, 3, 4, 1, 0, 5, 8, 9, 0, 7, 1, 6, 3, 7, 0, 3, 0, 3, 1, 7, 5, 9, 4, 3, 5, 8, 0, 7, 9, 2, 9, 2, 5, 6, 8, 5, 6, 7, 3, 8, 9, 4, 9, 3, 8, 1, 9, 2, 5, 9, 9, 0, 3, 5, 4, 0, 6, 4, 3, 5, 2, 4, 7, 5, 5, 7, 5, 9, 6, 0, 2, 2, 2, 1, 3, 3, 9, 1, 8, 2, 4, 7, 0, 9, 2, 9, 2, 7]"
275,0.2996020000136923,0.32041640000534244,nan,0.5444485000043642,0.08966340002370998,8.370289400794623e-11,0.2469342999975197,0.08232800001860596,9.094947017729282e-13,7.430450637795872e-16,1239.2132701102148,1239.213270110214,"[7, 7, 1, 9, 2, 7, 9, 0, 3, 1, 5, 8, 2, 8, 5, 4, 0, 3, 5, 3, 7, 5, 0, 7, 4, 7, 2, 6, 8, 2, 9, 7, 4, 3, 8, 2, 5, 7, 2, 3, 7, 1, 2, 7, 6, 1, 8, 0, 7, 6, 2, 0, 2, 0, 6, 8, 2, 5, 6, 0, 5, 3, 8, 4, 8, 4, 3, 7, 2, 6, 9, 1, 2, 5, 9, 2, 0, 6, 6, 7, 8, 5, 8, 4, 2, 6, 8, 9, 9, 7, 3, 2, 0, 7, 8, 9, 7, 1, 3, 9, 0, 8, 1, 4, 3, 1, 0, 5, 1, 1, 5, 8, 0, 7, 1, 2, 5, 8, 7, 2, 1, 5, 7, 0, 7, 3, 4, 4, 1, 7, 0, 2, 2, 1, 6, 3, 5, 0, 1, 0, 9, 9, 9, 7, 9, 7, 1, 5, 3, 6, 4, 3, 4, 1, 1, 0, 4, 4, 8, 8, 4, 3, 7, 3, 4, 8, 0, 4, 4, 0, 6, 5, 1, 6, 7, 5, 4, 1, 8, 7, 3, 2, 1, 9, 0, 7, 3, 4, 8, 8, 7, 1, 1, 0, 2, 7, 6, 2, 1, 1, 4, 7, 9, 1, 3, 6, 7, 9, 4, 1, 1, 2, 7, 2, 8, 0, 3, 4, 1, 9, 0, 7, 3, 9, 3, 2, 2, 7, 5, 1, 1, 8, 9, 0, 1, 9, 5, 2, 8, 8, 6, 4, 9, 2, 1, 9, 4, 6, 4, 0, 1, 9, 8, 0, 4, 4, 0, 7, 6, 1, 5, 4, 1, 1, 8, 8, 5, 3, 7, 3, 9, 1, 2, 3, 8]"
276,0.3181817000149749,0.16203889998723753,nan,0.5269610999966972,0.07697540000663139,8.2351737156218e-11,0.3345967999775894,0.10145499999634922,2.0463630789890885e-12,7.863331410067377e-16,1237.7197735388024,1237.7197735388045,"[3, 7, 8, 1, 0, 2, 5, 1, 2, 0, 9, 6, 0, 7, 5, 5, 2, 8, 6, 5, 2, 1, 1, 6, 8, 1, 6, 4, 2, 7, 1, 9, 7, 0, 6, 5, 0, 7, 4, 5, 9, 3, 8, 7, 6, 2, 2, 9, 4, 9, 9, 4, 2, 8, 7, 8, 5, 8, 3, 2, 7, 0, 8, 8, 9, 3, 0, 8, 6, 9, 0, 5, 2, 2, 9, 7, 9, 8, 8, 7, 9, 2, 3, 6, 6, 2, 7, 8, 3, 7, 3, 3, 3, 1, 1, 1, 9, 4, 5, 8, 1, 3, 7, 7, 2, 4, 4, 9, 2, 8, 6, 4, 6, 8, 4, 3, 0, 7, 5, 1, 2, 2, 6, 1, 9, 6, 6, 1, 1, 8, 0, 9, 8, 6, 2, 4, 5, 5, 0, 3, 3, 0, 0, 1, 4, 5, 6, 6, 4, 2, 9, 2, 5, 4, 7, 3, 8, 3, 2, 8, 1, 8, 8, 8, 0, 3, 7, 6, 6, 4, 6, 0, 0, 0, 3, 7, 1, 9, 3, 6, 0, 3, 1, 7, 8, 3, 5, 1, 4, 0, 9, 4, 9, 1, 6, 6, 7, 4, 5, 3, 9, 3, 7, 3, 1, 6, 8, 2, 9, 1, 5, 6, 0, 8, 2, 6, 0, 0, 7, 1, 5, 7, 1, 0, 5, 4, 5, 5, 0, 1, 6, 1, 9, 1, 3, 2, 9, 6, 0, 5, 6, 4, 6, 0, 0, 8, 7, 2, 5, 6, 9, 8, 2, 7, 3, 9, 4, 1, 3, 4, 0, 8, 7, 1, 0, 7, 6, 3, 9, 0, 9, 9, 8, 3, 4, 4]"
277,0.3007756999868434,0.2976198999967892,nan,0.46609520001220517,0.09856159999617375,7.615440066156543e-12,0.2463158999744337,0.0771668000088539,4.547473508864641e-13,6.617827962055658e-16,1246.5722851306382,1246.5722851306386,"[9, 8, 7, 4, 5, 3, 0, 7, 9, 5, 0, 8, 0, 3, 9, 6, 6, 0, 8, 2, 2, 8, 8, 2, 3, 9, 9, 5, 9, 1, 2, 8, 1, 2, 8, 0, 4, 5, 7, 2, 0, 4, 0, 4, 0, 4, 4, 2, 9, 9, 9, 1, 9, 3, 3, 4, 6, 4, 1, 5, 0, 3, 0, 5, 1, 0, 8, 1, 4, 1, 5, 5, 1, 3, 8, 0, 2, 9, 0, 8, 2, 5, 4, 3, 4, 1, 0, 9, 2, 3, 1, 3, 8, 7, 3, 2, 2, 4, 9, 0, 6, 0, 8, 2, 9, 2, 5, 9, 3, 3, 9, 5, 6, 0, 5, 9, 1, 1, 0, 1, 0, 5, 3, 7, 2, 2, 4, 6, 2, 0, 2, 6, 2, 9, 2, 2, 6, 9, 8, 7, 9, 1, 4, 4, 7, 8, 2, 1, 8, 8, 9, 7, 1, 1, 3, 0, 8, 5, 9, 1, 5, 2, 3, 2, 9, 2, 6, 7, 5, 6, 3, 5, 0, 8, 3, 2, 5, 0, 2, 0, 6, 6, 1, 6, 3, 6, 5, 8, 7, 5, 3, 9, 2, 1, 2, 5, 4, 3, 3, 3, 4, 3, 8, 6, 3, 3, 4, 5, 2, 8, 4, 6, 1, 1, 6, 5, 2, 9, 9, 2, 7, 2, 6, 2, 0, 3, 6, 9, 8, 0, 3, 0, 1, 7, 2, 0, 6, 4, 8, 9, 3, 5, 3, 1, 0, 1, 6, 2, 2, 8, 1, 0, 7, 7, 8, 7, 7, 3, 6, 6, 5, 2, 6, 4, 2, 8, 6, 0, 4, 8, 5, 4, 6, 0, 2, 5, 5]"
278,0.3077966999844648,0.2482179000217002,nan,0.5069258000003174,0.07045510000898503,9.174789066437585e-09,0.27092320000519976,0.30221540000638925,9.094947017729282e-13,5.803006555020494e-16,1250.6971574862941,1250.697157486295,"[7, 2, 8, 3, 4, 8, 9, 9, 9, 3, 6, 3, 3, 7, 9, 3, 6, 5, 4, 7, 9, 8, 2, 7, 2, 8, 4, 9, 6, 9, 3, 8, 7, 6, 8, 0, 3, 5, 1, 9, 6, 3, 1, 7, 2, 8, 1, 3, 3, 3, 3, 4, 7, 3, 8, 3, 3, 2, 7, 7, 9, 0, 2, 2, 2, 4, 6, 3, 1, 7, 2, 4, 2, 1, 3, 9, 4, 2, 8, 2, 6, 7, 0, 6, 9, 0, 5, 0, 2, 8, 3, 8, 2, 6, 4, 8, 2, 8, 2, 4, 4, 1, 9, 1, 1, 8, 3, 0, 0, 5, 7, 6, 2, 0, 1, 3, 5, 6, 1, 3, 6, 0, 3, 1, 1, 8, 2, 1, 4, 3, 2, 5, 3, 1, 6, 2, 1, 2, 3, 0, 4, 6, 7, 0, 8, 5, 6, 0, 6, 0, 1, 7, 4, 8, 6, 9, 7, 9, 1, 8, 1, 8, 1, 8, 0, 1, 5, 5, 6, 1, 7, 7, 5, 7, 4, 9, 7, 6, 2, 8, 6, 4, 9, 6, 4, 2, 8, 8, 5, 2, 5, 7, 9, 7, 3, 2, 2, 4, 6, 9, 1, 5, 6, 4, 7, 7, 4, 6, 4, 8, 2, 0, 6, 9, 7, 7, 3, 8, 8, 4, 3, 6, 0, 2, 0, 7, 0, 7, 8, 9, 9, 6, 7, 6, 7, 3, 8, 8, 1, 3, 2, 0, 0, 1, 7, 5, 0, 2, 9, 7, 6, 1, 9, 7, 6, 3, 8, 4, 4, 7, 6, 3, 3, 8, 9, 2, 9, 4, 0, 0, 5, 2, 7, 3, 5, 0, 0, 4]"
279,0.35312149999663234,0.2967264000035357,nan,0.4737756999966223,0.109154599980684,7.638058672040293e-10,0.2740157999796793,0.07776660000672564,1.5916157281026244e-12,6.391320217330162e-16,1253.4093943996675,1253.409394399669,"[2, 0, 8, 0, 2, 2, 0, 4, 3, 7, 1, 0, 7, 4, 5, 9, 9, 1, 2, 4, 2, 4, 5, 5, 5, 7, 6, 5, 2, 1, 5, 4, 7, 2, 0, 4, 8, 2, 9, 8, 3, 4, 2, 4, 6, 7, 0, 5, 0, 4, 6, 7, 4, 5, 2, 2, 0, 4, 4, 6, 7, 2, 2, 2, 2, 2, 5, 4, 1, 3, 7, 1, 8, 4, 3, 0, 6, 8, 8, 0, 8, 2, 9, 8, 0, 8, 5, 1, 2, 1, 1, 8, 3, 8, 7, 5, 8, 3, 7, 0, 2, 9, 1, 9, 4, 0, 9, 7, 1, 0, 3, 2, 5, 4, 1, 1, 2, 5, 2, 2, 5, 4, 5, 2, 5, 7, 7, 5, 1, 6, 6, 1, 0, 6, 2, 9, 1, 9, 3, 3, 9, 3, 2, 8, 6, 3, 2, 8, 3, 3, 4, 9, 8, 2, 5, 4, 6, 8, 2, 1, 2, 6, 2, 1, 8, 7, 1, 1, 4, 1, 3, 2, 9, 6, 7, 2, 5, 1, 4, 7, 6, 0, 5, 3, 7, 8, 5, 0, 3, 1, 6, 5, 4, 5, 1, 3, 9, 0, 6, 9, 3, 0, 0, 3, 3, 0, 3, 7, 6, 6, 9, 5, 8, 2, 8, 5, 3, 7, 2, 9, 3, 1, 8, 9, 3, 0, 9, 4, 2, 7, 9, 8, 9, 5, 6, 1, 1, 4, 5, 1, 0, 7, 2, 7, 0, 9, 4, 8, 6, 5, 0, 8, 7, 8, 6, 4, 6, 1, 8, 0, 0, 2, 3, 2, 0, 7, 7, 3, 8, 6, 1, 7, 3, 5, 7, 2, 5, 3, 5]"
280,0.491709499998251,0.2991792999964673,nan,0.5493676999758463,0.11071209999499843,1.3590074571817656e-09,0.25198850000742823,0.07952570001361892,9.094947017729282e-13,6.81390902010845e-16,1255.5061290262402,1255.506129026241,"[6, 8, 9, 2, 4, 7, 5, 0, 5, 1, 0, 5, 5, 7, 2, 7, 4, 5, 3, 2, 2, 4, 6, 3, 7, 0, 7, 8, 2, 0, 5, 6, 1, 0, 0, 0, 6, 9, 3, 5, 8, 2, 4, 4, 1, 3, 0, 4, 7, 9, 7, 0, 8, 8, 5, 4, 0, 6, 5, 4, 1, 4, 7, 5, 4, 9, 0, 7, 6, 7, 6, 3, 3, 5, 1, 8, 1, 3, 1, 1, 8, 3, 5, 2, 3, 5, 3, 2, 8, 0, 5, 1, 1, 6, 2, 1, 8, 2, 7, 7, 2, 9, 9, 2, 3, 8, 8, 2, 3, 1, 2, 6, 4, 8, 3, 7, 0, 7, 9, 0, 3, 0, 9, 1, 0, 4, 0, 2, 8, 8, 2, 9, 0, 1, 4, 5, 4, 3, 2, 5, 7, 9, 3, 2, 1, 1, 0, 5, 6, 3, 2, 7, 5, 6, 1, 5, 7, 4, 7, 6, 7, 1, 8, 3, 3, 8, 7, 6, 0, 9, 1, 9, 3, 2, 7, 6, 3, 3, 2, 1, 7, 0, 1, 6, 7, 0, 1, 0, 2, 4, 0, 0, 2, 4, 0, 9, 5, 5, 5, 2, 2, 3, 8, 6, 1, 8, 0, 5, 2, 9, 7, 7, 7, 7, 9, 6, 0, 9, 1, 5, 7, 3, 1, 2, 6, 8, 6, 0, 2, 3, 0, 5, 8, 4, 0, 8, 0, 1, 9, 1, 8, 8, 2, 0, 5, 4, 1, 1, 6, 5, 5, 4, 1, 4, 8, 8, 2, 0, 1, 1, 2, 3, 8, 2, 9, 3, 6, 3, 0, 5, 1, 9, 3, 7, 2, 7, 9, 5, 9, 4]"
281,0.2882947000034619,0.3371391999826301,nan,0.4510014000115916,0.09160459999111481,6.450488178661331e-10,0.23918350000167266,0.11427720001665875,1.1368683772161603e-12,7.013090328435036e-16,1263.568530677981,1263.5685306779799,"[1, 6, 1, 4, 0, 7, 7, 0, 7, 1, 9, 9, 4, 3, 4, 9, 2, 8, 9, 1, 9, 7, 3, 0, 4, 1, 9, 5, 2, 8, 7, 3, 7, 9, 4, 1, 3, 4, 4, 2, 0, 7, 3, 7, 9, 1, 3, 7, 0, 6, 2, 9, 3, 9, 3, 0, 8, 8, 9, 6, 4, 2, 8, 1, 6, 3, 0, 7, 7, 1, 7, 1, 3, 8, 6, 6, 3, 4, 3, 8, 2, 5, 2, 0, 1, 2, 6, 3, 6, 9, 4, 0, 2, 9, 1, 4, 2, 7, 2, 3, 2, 2, 8, 5, 0, 2, 7, 1, 9, 6, 1, 7, 9, 0, 3, 9, 1, 4, 0, 9, 8, 4, 1, 0, 4, 7, 1, 5, 9, 7, 6, 1, 9, 6, 4, 2, 8, 0, 1, 8, 2, 6, 2, 0, 4, 1, 1, 1, 3, 0, 1, 5, 9, 0, 3, 9, 1, 9, 3, 8, 3, 1, 8, 3, 6, 3, 6, 1, 5, 8, 4, 8, 2, 0, 9, 0, 0, 2, 2, 6, 8, 9, 8, 2, 7, 1, 1, 5, 3, 3, 1, 5, 3, 3, 6, 1, 3, 9, 3, 9, 8, 0, 1, 4, 3, 4, 7, 8, 8, 4, 7, 2, 1, 3, 5, 7, 8, 8, 9, 3, 0, 1, 9, 6, 4, 2, 6, 1, 2, 7, 3, 7, 1, 9, 6, 0, 0, 5, 9, 6, 5, 8, 2, 8, 7, 7, 4, 1, 8, 3, 8, 2, 4, 5, 6, 3, 9, 8, 3, 5, 7, 3, 6, 5, 1, 4, 1, 3, 0, 6, 4, 4, 8, 2, 4, 1, 2, 2, 3, 6, 0]"
282,0.6715716999897268,0.14393749998998828,nan,1.0413532000093255,0.047367399994982406,2.960838403263144e-10,0.8272168999828864,0.2269359999918379,6.821210263296962e-13,5.940763101731637e-16,1269.287598274989,1269.2875982749897,"[3, 2, 0, 4, 0, 7, 1, 6, 9, 0, 3, 9, 0, 4, 2, 9, 3, 7, 9, 7, 2, 9, 3, 2, 2, 4, 6, 5, 3, 8, 0, 0, 7, 2, 7, 9, 1, 1, 7, 8, 3, 2, 8, 4, 0, 5, 0, 4, 0, 4, 5, 4, 7, 9, 1, 6, 4, 8, 4, 9, 8, 5, 5, 0, 2, 1, 1, 7, 6, 1, 9, 1, 9, 5, 6, 9, 3, 4, 4, 8, 2, 9, 2, 4, 1, 7, 4, 7, 8, 8, 2, 1, 1, 0, 4, 9, 1, 8, 9, 1, 6, 4, 5, 5, 9, 0, 6, 9, 5, 7, 9, 9, 8, 8, 1, 9, 7, 8, 0, 5, 0, 5, 6, 0, 3, 7, 1, 9, 7, 3, 7, 4, 0, 2, 8, 5, 4, 5, 0, 3, 1, 2, 5, 9, 2, 4, 8, 7, 3, 5, 3, 5, 7, 4, 1, 4, 6, 8, 0, 6, 0, 8, 8, 5, 9, 6, 8, 6, 3, 0, 0, 7, 7, 9, 9, 6, 6, 8, 1, 2, 5, 1, 5, 4, 0, 4, 7, 1, 9, 8, 0, 0, 5, 4, 3, 0, 3, 4, 3, 3, 1, 5, 9, 8, 2, 6, 9, 4, 2, 4, 1, 1, 1, 6, 3, 5, 2, 7, 3, 7, 6, 0, 3, 2, 6, 6, 4, 4, 0, 9, 7, 2, 5, 7, 2, 5, 3, 5, 4, 2, 8, 5, 4, 6, 0, 2, 5, 3, 8, 9, 9, 0, 1, 5, 4, 4, 9, 8, 3, 1, 5, 8, 2, 9, 3, 3, 4, 2, 2, 9, 8, 6, 8, 6, 6, 8, 5, 6, 3, 3, 7, 1]"
283,0.4633554999891203,0.39863459998741746,nan,0.5368481000186875,0.07544050001888536,3.1440378497975814e-10,0.2678217999928165,0.08195189997786656,2.2737367544323206e-13,6.997625942849866e-16,1273.3219750959574,1273.3219750959572,"[4, 8, 5, 9, 4, 8, 6, 5, 1, 3, 5, 7, 1, 3, 7, 8, 9, 2, 7, 4, 4, 8, 5, 6, 6, 9, 2, 2, 9, 8, 5, 2, 2, 6, 6, 9, 9, 0, 0, 3, 1, 7, 4, 8, 9, 7, 9, 0, 4, 6, 7, 4, 5, 1, 1, 4, 4, 4, 8, 1, 9, 3, 7, 1, 5, 3, 8, 2, 8, 7, 9, 4, 4, 7, 8, 8, 1, 6, 8, 9, 0, 5, 7, 2, 6, 1, 5, 5, 5, 2, 0, 8, 8, 6, 2, 6, 1, 3, 5, 6, 5, 3, 3, 4, 0, 4, 4, 7, 0, 3, 3, 2, 3, 2, 6, 1, 8, 0, 2, 0, 7, 4, 9, 6, 2, 4, 6, 1, 6, 8, 1, 5, 8, 4, 5, 7, 4, 3, 9, 3, 8, 9, 7, 5, 6, 5, 0, 0, 2, 7, 2, 8, 5, 7, 9, 3, 1, 3, 1, 8, 9, 8, 6, 5, 5, 7, 8, 6, 5, 9, 5, 8, 4, 6, 7, 4, 2, 7, 9, 9, 2, 5, 0, 8, 4, 3, 1, 4, 1, 4, 4, 3, 0, 2, 7, 9, 9, 4, 9, 1, 1, 8, 3, 4, 8, 5, 4, 2, 8, 7, 6, 5, 2, 5, 7, 2, 9, 1, 8, 2, 8, 8, 1, 9, 1, 2, 4, 9, 3, 0, 0, 5, 3, 5, 1, 2, 2, 4, 0, 9, 4, 1, 8, 2, 7, 0, 2, 9, 4, 1, 8, 1, 1, 7, 8, 7, 5, 2, 1, 7, 4, 4, 5, 8, 7, 6, 4, 3, 7, 8, 5, 6, 9, 1, 0, 5, 3, 1, 4, 5, 0, 7, 2]"
284,0.39885199998389,0.3953211000189185,nan,0.5125415999791585,0.08259369997540489,2.5378744206427273e-11,0.2644262000103481,0.061037000006763265,9.094947017729282e-13,6.923611508150807e-16,1278.289401110563,1278.289401110562,"[8, 6, 7, 5, 7, 7, 2, 2, 4, 5, 8, 8, 4, 7, 5, 7, 5, 6, 8, 9, 2, 9, 0, 0, 9, 7, 2, 3, 5, 8, 2, 1, 8, 9, 0, 7, 5, 9, 0, 6, 8, 8, 8, 9, 4, 7, 6, 0, 7, 8, 9, 5, 0, 4, 7, 2, 7, 1, 4, 3, 3, 1, 4, 7, 1, 5, 6, 3, 0, 2, 4, 0, 9, 5, 8, 7, 9, 2, 7, 9, 0, 2, 8, 6, 8, 5, 4, 5, 9, 1, 9, 0, 8, 6, 6, 8, 8, 1, 4, 4, 7, 5, 1, 0, 1, 7, 2, 3, 0, 0, 4, 2, 8, 2, 3, 2, 8, 7, 2, 9, 3, 2, 7, 2, 2, 7, 5, 6, 3, 6, 6, 2, 8, 8, 0, 4, 5, 6, 3, 6, 0, 2, 2, 4, 9, 2, 9, 4, 8, 7, 6, 3, 1, 4, 0, 6, 6, 4, 0, 1, 6, 7, 2, 0, 9, 0, 1, 4, 8, 6, 8, 9, 9, 1, 7, 9, 5, 6, 0, 5, 1, 8, 2, 2, 2, 5, 0, 1, 7, 8, 7, 4, 2, 1, 9, 8, 5, 7, 3, 5, 4, 9, 0, 5, 3, 6, 5, 2, 9, 6, 2, 2, 2, 0, 4, 1, 0, 5, 1, 5, 5, 3, 1, 5, 0, 1, 0, 5, 5, 9, 1, 4, 4, 5, 2, 8, 2, 8, 2, 1, 2, 2, 3, 4, 7, 1, 5, 5, 3, 9, 1, 2, 7, 9, 8, 4, 6, 8, 5, 9, 5, 0, 3, 9, 4, 0, 7, 6, 5, 2, 1, 0, 6, 5, 7, 3, 3, 0, 6, 9, 4, 3, 9, 0]"
285,0.3530920000048354,0.35257560000172816,nan,0.667234799999278,0.07392080000136048,2.9756491137301442e-09,0.28784810000797734,0.13831870001740754,4.547473508864641e-13,5.316750582709674e-16,1278.9976722701977,1278.997672270198,"[0, 2, 6, 0, 7, 0, 6, 4, 7, 9, 4, 6, 7, 5, 7, 2, 3, 4, 9, 4, 4, 6, 4, 2, 5, 0, 8, 8, 7, 6, 7, 4, 5, 7, 8, 4, 5, 0, 9, 5, 8, 5, 9, 7, 2, 9, 8, 4, 1, 9, 2, 6, 1, 1, 5, 7, 9, 6, 8, 5, 0, 4, 5, 4, 0, 8, 2, 7, 9, 8, 5, 7, 0, 6, 2, 4, 0, 0, 6, 6, 1, 0, 6, 1, 9, 2, 0, 8, 4, 0, 9, 8, 8, 0, 3, 3, 4, 5, 5, 1, 0, 1, 9, 8, 0, 6, 8, 9, 3, 5, 5, 2, 9, 1, 2, 9, 6, 2, 1, 6, 8, 5, 6, 4, 2, 9, 1, 0, 3, 0, 0, 8, 2, 3, 6, 1, 8, 6, 4, 9, 5, 0, 3, 9, 5, 6, 0, 4, 2, 9, 8, 5, 3, 9, 2, 1, 3, 3, 6, 8, 5, 0, 4, 9, 7, 6, 0, 5, 4, 4, 2, 3, 0, 8, 5, 6, 1, 6, 6, 1, 0, 2, 9, 4, 1, 2, 2, 1, 7, 7, 2, 0, 9, 9, 6, 4, 7, 0, 9, 2, 2, 0, 7, 2, 6, 0, 4, 1, 3, 3, 2, 9, 2, 0, 9, 4, 9, 0, 2, 4, 2, 9, 9, 5, 5, 2, 5, 9, 6, 4, 2, 4, 9, 4, 8, 6, 2, 3, 1, 3, 6, 4, 4, 7, 6, 5, 0, 4, 0, 1, 9, 2, 7, 9, 8, 6, 2, 3, 0, 5, 3, 7, 5, 2, 0, 7, 3, 3, 4, 3, 1, 1, 5, 9, 6, 5, 7, 8, 9, 1, 2, 9, 2, 5, 7]"
286,0.3474263999960385,0.35532899998361245,nan,0.5394177999987733,0.05808620000607334,3.513470163674689e-11,0.26709010000922717,0.0912497999961488,1.1368683772161603e-12,7.608774811247887e-16,1289.7914406219647,1289.7914406219659,"[5, 8, 8, 4, 6, 5, 8, 9, 4, 1, 9, 4, 1, 8, 3, 3, 8, 4, 9, 9, 9, 0, 4, 7, 1, 0, 3, 2, 2, 8, 4, 9, 0, 6, 1, 0, 6, 2, 0, 5, 0, 1, 2, 6, 7, 5, 0, 5, 6, 7, 4, 1, 9, 5, 4, 7, 1, 0, 5, 6, 7, 7, 9, 6, 0, 4, 7, 8, 7, 2, 4, 7, 6, 7, 8, 2, 5, 7, 6, 2, 5, 4, 2, 4, 9, 7, 5, 6, 5, 3, 3, 6, 4, 4, 4, 4, 6, 0, 8, 2, 4, 6, 9, 4, 9, 5, 1, 6, 4, 1, 0, 0, 6, 0, 4, 2, 6, 4, 1, 7, 3, 2, 3, 3, 2, 4, 5, 2, 7, 1, 7, 6, 4, 6, 8, 7, 6, 1, 0, 0, 7, 9, 9, 5, 0, 3, 8, 3, 7, 4, 0, 7, 2, 3, 1, 6, 5, 4, 1, 7, 6, 8, 6, 3, 1, 3, 4, 5, 9, 4, 8, 3, 1, 5, 2, 6, 3, 6, 6, 0, 3, 9, 7, 3, 0, 9, 5, 7, 3, 6, 7, 8, 4, 2, 9, 8, 1, 4, 3, 4, 4, 1, 0, 4, 8, 5, 4, 8, 8, 0, 9, 7, 7, 4, 4, 7, 7, 9, 1, 5, 7, 7, 8, 1, 3, 6, 7, 6, 9, 9, 9, 4, 1, 7, 2, 1, 7, 5, 5, 0, 6, 5, 3, 9, 5, 7, 7, 0, 9, 8, 2, 6, 3, 3, 0, 1, 3, 7, 1, 7, 3, 7, 2, 8, 7, 0, 7, 7, 4, 5, 2, 9, 4, 0, 5, 2, 3, 5, 2, 4, 7, 2, 6, 2, 7, 2]"
287,0.33701280000968836,0.37664450000738725,nan,0.8002964000042994,0.06650479999370873,1.6449901726901736e-11,0.28737260002526455,0.2191363000019919,6.821210263296962e-13,6.754648797867556e-16,1296.2045571891263,1296.2045571891256,"[2, 8, 2, 0, 7, 2, 8, 0, 1, 9, 2, 4, 6, 1, 8, 4, 5, 6, 5, 0, 3, 1, 3, 7, 1, 1, 7, 4, 9, 2, 3, 7, 7, 7, 1, 5, 4, 8, 7, 7, 9, 8, 1, 2, 3, 4, 9, 6, 4, 8, 0, 7, 4, 2, 0, 0, 0, 8, 6, 5, 4, 7, 6, 4, 9, 9, 9, 2, 5, 5, 5, 8, 0, 4, 4, 2, 0, 2, 5, 7, 4, 1, 2, 0, 1, 8, 7, 7, 4, 9, 0, 3, 5, 5, 7, 4, 0, 7, 4, 6, 9, 4, 9, 4, 8, 9, 4, 7, 3, 4, 4, 8, 2, 1, 3, 0, 5, 3, 6, 0, 4, 7, 1, 4, 7, 3, 5, 1, 0, 8, 1, 7, 2, 9, 9, 3, 4, 5, 5, 8, 7, 3, 1, 3, 1, 7, 5, 6, 2, 7, 4, 3, 5, 0, 3, 4, 3, 8, 2, 2, 3, 4, 7, 2, 8, 6, 6, 9, 6, 2, 5, 1, 9, 5, 2, 1, 9, 4, 5, 8, 6, 1, 6, 3, 5, 3, 8, 1, 1, 8, 7, 7, 9, 7, 0, 7, 8, 3, 7, 4, 3, 9, 0, 3, 1, 1, 1, 7, 0, 3, 2, 3, 0, 8, 8, 5, 9, 5, 4, 3, 9, 9, 2, 3, 6, 5, 4, 2, 1, 2, 7, 5, 2, 6, 9, 0, 8, 6, 8, 5, 8, 3, 3, 9, 4, 4, 6, 4, 5, 8, 0, 3, 0, 4, 4, 6, 6, 1, 7, 2, 8, 8, 5, 9, 7, 0, 3, 4, 3, 3, 4, 8, 7, 3, 0, 9, 4, 1, 6, 7, 6, 6, 7, 6, 5, 0, 8]"
288,0.31382120001944713,0.37174400000367314,nan,0.5023786000092514,0.07756829998106696,1.0370024398398236e-10,0.2624669999931939,0.12015810000593774,4.547473508864641e-13,5.643586311495901e-16,1296.275390913938,1296.2753909139385,"[3, 1, 1, 6, 3, 5, 4, 1, 4, 5, 3, 7, 4, 7, 8, 6, 2, 3, 6, 7, 6, 3, 8, 1, 5, 4, 8, 8, 2, 0, 6, 5, 0, 3, 7, 0, 8, 9, 0, 5, 2, 7, 6, 4, 5, 4, 9, 2, 3, 4, 4, 1, 8, 2, 7, 6, 8, 5, 4, 2, 0, 2, 0, 3, 5, 2, 0, 1, 1, 2, 9, 8, 5, 6, 6, 2, 3, 1, 3, 2, 8, 8, 4, 8, 4, 9, 3, 6, 8, 8, 7, 0, 7, 8, 2, 7, 0, 0, 0, 8, 4, 9, 8, 4, 4, 6, 9, 8, 7, 2, 7, 9, 2, 9, 9, 5, 7, 5, 9, 1, 7, 1, 0, 9, 8, 5, 8, 9, 6, 4, 7, 7, 4, 6, 5, 8, 5, 1, 0, 8, 6, 3, 9, 1, 7, 6, 6, 6, 2, 3, 6, 8, 8, 5, 4, 8, 8, 5, 0, 2, 9, 0, 4, 9, 3, 0, 2, 4, 0, 5, 5, 2, 7, 4, 2, 6, 8, 3, 3, 1, 3, 8, 0, 0, 5, 9, 2, 0, 9, 7, 0, 4, 9, 7, 6, 0, 6, 0, 4, 9, 0, 3, 7, 1, 6, 0, 3, 6, 1, 0, 6, 3, 2, 4, 6, 7, 7, 3, 0, 7, 6, 4, 9, 7, 3, 2, 8, 2, 5, 4, 4, 8, 8, 7, 4, 5, 3, 7, 2, 1, 3, 6, 3, 8, 4, 4, 7, 2, 0, 9, 7, 8, 5, 8, 8, 0, 8, 0, 5, 7, 6, 4, 7, 8, 9, 9, 2, 8, 0, 9, 8, 3, 8, 2, 6, 0, 7, 5, 2, 4, 6, 0, 7, 5, 2, 8, 1, 9]"
289,0.402368299983209,0.34972800000105053,nan,0.5762401999963913,0.06226010000682436,5.355165794015661e-10,0.29161139999632724,0.2349889000179246,0.0,5.741279561054969e-16,1301.6589537271225,1301.6589537271225,"[5, 7, 7, 1, 8, 5, 3, 3, 2, 4, 4, 8, 9, 2, 3, 4, 0, 3, 3, 2, 7, 0, 6, 4, 2, 9, 1, 2, 0, 9, 6, 2, 2, 4, 6, 4, 3, 1, 1, 3, 7, 9, 9, 5, 2, 3, 8, 5, 5, 6, 0, 7, 2, 2, 9, 3, 6, 9, 1, 6, 5, 9, 7, 0, 4, 8, 0, 8, 6, 6, 6, 1, 0, 9, 8, 5, 5, 6, 9, 3, 7, 4, 7, 4, 4, 1, 8, 9, 7, 3, 5, 3, 5, 6, 6, 7, 3, 5, 8, 6, 1, 2, 5, 3, 8, 5, 8, 6, 7, 3, 3, 7, 9, 2, 3, 1, 6, 3, 0, 3, 8, 3, 7, 7, 8, 2, 8, 0, 4, 8, 3, 5, 5, 5, 4, 4, 3, 1, 2, 5, 5, 9, 3, 2, 0, 9, 0, 7, 4, 9, 1, 8, 0, 5, 2, 9, 4, 8, 6, 4, 7, 5, 4, 0, 7, 8, 2, 2, 1, 1, 9, 6, 5, 5, 4, 3, 4, 4, 4, 9, 7, 6, 2, 9, 9, 4, 9, 7, 7, 4, 2, 8, 5, 5, 3, 3, 3, 3, 6, 3, 8, 9, 7, 2, 1, 7, 1, 2, 2, 6, 2, 3, 9, 8, 0, 4, 7, 8, 4, 5, 7, 4, 8, 6, 2, 1, 8, 9, 8, 2, 9, 4, 5, 6, 3, 8, 2, 7, 7, 9, 9, 6, 5, 4, 3, 4, 8, 7, 4, 1, 5, 0, 2, 9, 8, 2, 7, 9, 0, 1, 3, 4, 1, 9, 7, 7, 9, 1, 3, 1, 7, 6, 0, 9, 5, 5, 5, 1, 0, 4, 4, 9, 7, 5, 3, 7, 0, 1, 7]"
290,0.3306494999851566,0.38383799997973256,nan,0.5303758000081871,0.07684910000534728,2.1445936977732493e-10,0.3963983999856282,0.2034642999933567,9.094947017729282e-13,6.421008120573416e-16,1304.5163046569178,1304.5163046569187,"[1, 1, 6, 5, 1, 7, 6, 1, 5, 6, 3, 5, 4, 4, 5, 9, 4, 7, 3, 2, 1, 6, 3, 4, 0, 6, 6, 2, 9, 8, 3, 6, 3, 2, 4, 1, 8, 9, 8, 1, 0, 6, 8, 1, 4, 3, 0, 7, 8, 2, 6, 9, 6, 7, 1, 9, 4, 1, 3, 6, 8, 9, 4, 8, 1, 9, 3, 7, 9, 2, 3, 8, 6, 2, 6, 4, 1, 5, 7, 9, 9, 7, 0, 4, 1, 7, 0, 0, 9, 2, 8, 6, 2, 2, 2, 2, 8, 3, 8, 3, 4, 6, 7, 9, 0, 1, 1, 7, 6, 8, 3, 3, 8, 3, 3, 6, 9, 5, 7, 4, 3, 7, 5, 1, 7, 0, 8, 0, 8, 0, 8, 0, 6, 1, 2, 6, 4, 6, 2, 7, 1, 5, 0, 1, 9, 0, 3, 8, 6, 9, 1, 3, 7, 1, 2, 4, 3, 2, 7, 5, 3, 7, 1, 7, 9, 5, 2, 9, 5, 2, 4, 6, 2, 7, 8, 0, 6, 0, 0, 7, 6, 7, 9, 0, 7, 3, 5, 7, 2, 9, 6, 7, 4, 1, 9, 8, 7, 3, 8, 9, 2, 7, 0, 5, 8, 2, 9, 1, 9, 2, 2, 4, 4, 1, 5, 2, 9, 9, 7, 6, 2, 7, 8, 7, 9, 8, 0, 9, 2, 4, 8, 0, 0, 3, 5, 9, 6, 0, 0, 5, 4, 8, 1, 9, 9, 4, 6, 2, 9, 5, 3, 4, 8, 6, 1, 0, 2, 1, 8, 8, 2, 5, 5, 1, 0, 9, 9, 8, 2, 3, 7, 8, 4, 2, 3, 6, 4, 2, 8, 3, 2, 6, 0, 1, 4, 1, 1, 0, 6, 3]"
291,0.44698899998911656,0.14436410000780597,nan,0.7015432000043802,0.08785820001503453,5.4607391513129624e-08,0.41325340000912547,0.3191553999786265,1.3642420526593924e-12,8.013746564222778e-16,1304.580540678711,1304.5805406787124,"[7, 8, 4, 3, 9, 3, 0, 5, 9, 0, 3, 3, 2, 5, 0, 0, 9, 3, 0, 4, 9, 3, 5, 8, 9, 1, 8, 3, 0, 6, 6, 8, 9, 7, 5, 9, 1, 5, 2, 9, 4, 2, 5, 4, 8, 5, 3, 6, 9, 9, 9, 4, 0, 6, 5, 8, 0, 9, 4, 4, 2, 7, 7, 7, 9, 6, 3, 7, 3, 7, 6, 2, 5, 4, 8, 3, 7, 8, 0, 1, 0, 7, 5, 1, 8, 4, 2, 0, 1, 3, 8, 9, 3, 4, 4, 9, 8, 2, 4, 0, 0, 6, 8, 0, 4, 2, 1, 6, 7, 5, 1, 7, 0, 1, 1, 6, 8, 9, 9, 3, 0, 3, 7, 2, 8, 1, 0, 5, 0, 9, 0, 4, 7, 2, 9, 4, 3, 9, 1, 2, 6, 2, 7, 8, 7, 1, 1, 5, 1, 9, 8, 7, 1, 7, 7, 1, 3, 5, 5, 0, 7, 1, 5, 8, 4, 8, 1, 1, 8, 9, 0, 8, 0, 4, 1, 0, 0, 3, 7, 9, 9, 3, 0, 7, 4, 3, 6, 5, 4, 6, 2, 3, 4, 4, 5, 8, 2, 1, 3, 9, 9, 5, 8, 4, 3, 5, 8, 4, 5, 8, 2, 2, 2, 4, 4, 4, 1, 0, 4, 0, 8, 2, 4, 8, 8, 3, 1, 0, 9, 1, 2, 4, 6, 8, 3, 9, 3, 7, 2, 2, 8, 9, 5, 5, 8, 3, 8, 7, 5, 4, 6, 8, 2, 0, 2, 2, 4, 5, 8, 2, 1, 3, 6, 8, 1, 3, 7, 4, 8, 9, 6, 0, 8, 6, 5, 6, 1, 3, 9, 1, 9, 6, 0, 5, 7, 9, 1, 2, 5, 7, 7]"
292,0.3589356000011321,0.36256029998185113,nan,0.5542004999879282,0.04504630001611076,1.795839104797234e-10,0.27413679999881424,0.27004390000365674,2.2737367544323206e-13,6.682266513737541e-16,1313.437272009953,1313.4372720099532,"[1, 7, 8, 5, 1, 4, 8, 2, 2, 8, 4, 0, 2, 0, 4, 2, 6, 8, 4, 3, 6, 3, 9, 8, 6, 2, 3, 4, 6, 8, 7, 7, 5, 8, 7, 1, 1, 9, 5, 6, 2, 5, 3, 0, 6, 9, 5, 6, 5, 6, 0, 0, 1, 5, 6, 2, 1, 3, 2, 4, 0, 7, 9, 8, 7, 9, 9, 0, 6, 9, 2, 7, 3, 7, 8, 9, 1, 6, 8, 3, 6, 3, 9, 3, 3, 2, 8, 3, 8, 3, 7, 2, 9, 1, 8, 1, 9, 9, 6, 7, 0, 4, 7, 9, 9, 9, 6, 8, 7, 0, 8, 2, 4, 0, 0, 1, 6, 7, 8, 0, 4, 3, 4, 0, 0, 4, 9, 4, 1, 8, 6, 6, 8, 7, 6, 0, 1, 6, 7, 8, 1, 9, 3, 3, 0, 5, 6, 7, 4, 5, 5, 2, 8, 7, 7, 0, 1, 3, 1, 2, 4, 6, 3, 5, 4, 8, 7, 3, 0, 9, 3, 8, 0, 9, 5, 7, 1, 2, 8, 1, 7, 1, 2, 5, 3, 4, 6, 6, 3, 9, 7, 2, 4, 4, 5, 7, 1, 0, 5, 6, 7, 2, 5, 2, 7, 4, 7, 9, 0, 8, 3, 6, 2, 9, 4, 2, 1, 2, 9, 2, 9, 7, 6, 4, 2, 3, 8, 6, 8, 2, 2, 9, 0, 4, 8, 2, 6, 5, 8, 7, 1, 9, 4, 2, 4, 1, 4, 3, 0, 4, 2, 0, 2, 5, 2, 1, 3, 4, 7, 9, 1, 0, 8, 1, 8, 1, 5, 9, 3, 3, 8, 5, 4, 1, 6, 1, 0, 4, 4, 1, 4, 4, 8, 1, 0, 2, 2, 0, 0, 0, 9, 2]"
293,0.4084902000031434,0.40903750000870787,nan,0.7389011000050232,0.03815289997146465,3.3756828654119807e-10,0.3634756999963429,0.11137790000066161,1.5916157281026244e-12,7.788889089478546e-16,1314.4635931532603,1314.4635931532619,"[7, 7, 4, 6, 6, 8, 6, 5, 2, 7, 2, 4, 3, 0, 4, 5, 6, 8, 7, 2, 9, 2, 5, 2, 1, 5, 7, 8, 7, 2, 0, 2, 9, 8, 2, 6, 1, 2, 6, 5, 2, 9, 2, 1, 9, 6, 8, 1, 5, 1, 3, 0, 8, 5, 7, 1, 6, 9, 0, 4, 7, 9, 4, 8, 0, 4, 3, 2, 1, 8, 9, 2, 7, 9, 2, 7, 4, 9, 0, 0, 9, 2, 6, 1, 6, 7, 5, 9, 6, 7, 4, 2, 6, 9, 6, 6, 4, 3, 0, 3, 6, 0, 6, 4, 1, 8, 0, 5, 8, 0, 8, 2, 6, 5, 1, 6, 3, 5, 6, 7, 8, 9, 6, 6, 5, 3, 1, 7, 5, 3, 7, 7, 3, 7, 8, 0, 4, 9, 3, 9, 9, 3, 5, 3, 2, 0, 8, 9, 1, 3, 1, 3, 9, 2, 7, 6, 1, 9, 6, 6, 1, 5, 6, 3, 9, 5, 7, 2, 0, 8, 7, 2, 1, 4, 7, 1, 7, 8, 7, 9, 9, 3, 3, 2, 1, 9, 5, 5, 4, 6, 9, 1, 0, 0, 2, 4, 8, 3, 0, 5, 7, 5, 9, 8, 5, 5, 5, 6, 1, 2, 0, 1, 5, 2, 3, 1, 4, 2, 0, 4, 8, 3, 5, 3, 3, 5, 5, 7, 0, 8, 6, 0, 1, 2, 0, 6, 3, 6, 4, 0, 2, 3, 1, 7, 0, 4, 2, 8, 0, 9, 3, 0, 3, 9, 5, 5, 1, 5, 7, 2, 4, 0, 2, 8, 8, 8, 1, 0, 4, 7, 7, 2, 6, 4, 3, 5, 2, 4, 0, 1, 8, 8, 3, 6, 2, 4, 7, 6, 0, 7, 0, 6, 7]"
294,0.5654388999973889,0.36676959999022074,nan,0.6830190000182483,0.04933280000113882,6.981873446390069e-12,0.30518349999329075,0.12250810000114143,1.3642420526593924e-12,8.828225757449254e-16,1322.1568944699716,1322.1568944699702,"[8, 3, 8, 9, 4, 4, 6, 4, 2, 3, 0, 0, 2, 7, 9, 0, 3, 8, 7, 0, 9, 0, 6, 2, 7, 8, 0, 3, 8, 6, 9, 0, 7, 3, 0, 7, 5, 3, 7, 7, 4, 9, 7, 3, 8, 8, 6, 2, 5, 0, 8, 0, 2, 9, 6, 2, 5, 6, 9, 7, 3, 3, 3, 3, 1, 0, 6, 0, 5, 7, 5, 4, 9, 6, 3, 4, 0, 9, 1, 4, 2, 9, 0, 7, 9, 7, 3, 1, 2, 5, 0, 0, 2, 8, 1, 4, 1, 4, 7, 2, 8, 8, 1, 5, 3, 8, 2, 9, 7, 7, 5, 2, 3, 3, 5, 4, 4, 5, 7, 6, 8, 4, 7, 9, 1, 7, 7, 7, 5, 1, 7, 4, 2, 0, 2, 1, 8, 8, 1, 4, 6, 8, 7, 5, 2, 7, 2, 6, 3, 9, 5, 6, 0, 0, 8, 7, 0, 3, 0, 2, 9, 6, 2, 3, 1, 2, 7, 0, 9, 9, 4, 1, 6, 8, 0, 7, 2, 8, 9, 5, 7, 1, 1, 0, 6, 6, 1, 1, 0, 0, 5, 3, 1, 2, 1, 3, 0, 3, 8, 2, 3, 0, 8, 0, 0, 4, 7, 6, 7, 9, 2, 6, 2, 9, 2, 5, 2, 7, 1, 2, 4, 4, 1, 5, 6, 8, 9, 4, 6, 1, 5, 2, 1, 8, 4, 2, 2, 4, 0, 5, 7, 2, 3, 0, 2, 5, 6, 1, 7, 7, 5, 4, 4, 2, 9, 7, 0, 2, 2, 4, 6, 7, 8, 4, 3, 6, 1, 2, 2, 1, 7, 7, 6, 9, 4, 0, 9, 1, 8, 8, 7, 6, 5, 2, 3, 3, 4, 9, 6, 4, 4, 8, 6, 8]"
295,0.40650349998031743,0.38203800001065247,nan,0.704178599989973,0.05934149998938665,1.2944509963154185e-10,0.29556629998842254,0.10653200000524521,1.3642420526593924e-12,9.262318790277596e-16,1327.0451600720646,1327.0451600720633,"[5, 5, 9, 5, 9, 2, 8, 6, 5, 0, 5, 7, 8, 3, 8, 8, 4, 7, 9, 8, 1, 7, 2, 3, 4, 8, 3, 8, 2, 8, 9, 1, 8, 4, 8, 9, 5, 4, 5, 1, 2, 4, 1, 0, 2, 4, 2, 3, 5, 4, 5, 6, 7, 3, 0, 4, 0, 5, 3, 6, 4, 4, 0, 7, 0, 3, 9, 5, 7, 4, 0, 2, 0, 9, 2, 2, 3, 4, 2, 0, 2, 2, 6, 2, 9, 6, 6, 4, 7, 5, 0, 3, 5, 6, 3, 0, 4, 6, 9, 3, 6, 7, 8, 5, 6, 8, 7, 2, 8, 5, 2, 6, 9, 3, 6, 2, 5, 1, 7, 8, 4, 6, 1, 5, 1, 8, 0, 8, 4, 7, 2, 9, 5, 0, 5, 5, 0, 9, 3, 1, 6, 6, 4, 5, 7, 8, 1, 2, 9, 4, 5, 4, 8, 2, 3, 5, 9, 7, 8, 1, 8, 6, 0, 5, 6, 9, 1, 2, 4, 5, 3, 2, 9, 7, 3, 5, 4, 8, 2, 9, 7, 6, 3, 2, 4, 9, 3, 6, 3, 2, 9, 8, 7, 3, 4, 2, 3, 6, 2, 7, 5, 0, 2, 8, 5, 9, 4, 8, 8, 2, 6, 8, 5, 5, 3, 3, 9, 2, 3, 5, 9, 9, 6, 6, 8, 3, 8, 8, 4, 5, 2, 1, 3, 8, 7, 4, 2, 6, 6, 6, 2, 9, 2, 2, 3, 1, 5, 0, 0, 6, 1, 0, 7, 5, 0, 3, 0, 2, 9, 3, 6, 9, 2, 6, 5, 6, 6, 2, 7, 6, 2, 1, 1, 6, 2, 6, 8, 2, 1, 6, 0, 2, 8, 8, 8, 7, 9, 7, 3, 8, 5, 7, 2, 1, 1]"
296,0.4747635999810882,0.4139512999972794,nan,0.6258360000210814,0.05685329998959787,5.225273524793068e-11,0.2980976999970153,0.3832385999849066,9.094947017729282e-13,7.150428322738446e-16,1330.8174909079778,1330.817490907977,"[7, 3, 5, 5, 9, 5, 9, 7, 1, 2, 7, 7, 6, 7, 3, 7, 9, 9, 9, 5, 1, 1, 2, 5, 2, 0, 9, 2, 0, 0, 3, 6, 2, 9, 5, 0, 8, 9, 4, 1, 2, 1, 3, 2, 4, 9, 4, 6, 3, 8, 2, 4, 2, 6, 7, 1, 4, 9, 5, 8, 3, 2, 3, 6, 1, 1, 5, 7, 1, 2, 5, 5, 5, 7, 8, 5, 0, 7, 4, 4, 2, 8, 0, 2, 3, 9, 9, 7, 3, 8, 2, 0, 0, 5, 0, 3, 4, 4, 9, 9, 1, 3, 0, 1, 5, 7, 4, 9, 7, 7, 2, 3, 1, 9, 7, 0, 6, 8, 2, 5, 4, 9, 2, 8, 2, 0, 0, 7, 7, 8, 5, 1, 6, 3, 3, 1, 7, 6, 3, 4, 5, 7, 4, 5, 9, 7, 4, 2, 1, 6, 1, 2, 3, 8, 3, 2, 1, 3, 3, 8, 2, 6, 7, 7, 9, 3, 6, 4, 4, 5, 4, 3, 5, 0, 4, 3, 2, 5, 5, 9, 3, 7, 1, 5, 8, 9, 5, 2, 5, 9, 8, 6, 7, 2, 1, 0, 1, 1, 5, 1, 1, 8, 2, 8, 7, 5, 8, 5, 0, 2, 6, 6, 5, 2, 4, 3, 4, 9, 8, 5, 5, 0, 1, 5, 0, 3, 8, 7, 3, 6, 5, 7, 8, 3, 1, 5, 4, 8, 3, 1, 5, 3, 6, 7, 7, 8, 6, 6, 9, 1, 6, 7, 2, 6, 5, 0, 2, 5, 1, 0, 6, 2, 2, 8, 5, 5, 9, 8, 4, 5, 9, 2, 4, 3, 4, 9, 6, 0, 7, 0, 6, 9, 3, 7, 6, 1, 5, 0, 6, 7, 5, 1, 0, 8, 4, 4]"
297,0.4091957999917213,0.2821055999957025,nan,0.7372299999988172,0.07735680000041611,4.91470131813206e-10,0.38670879998244345,0.11272470001131296,9.094947017729282e-13,8.493841046119586e-16,1334.175835539227,1334.1758355392278,"[4, 7, 0, 4, 5, 3, 2, 1, 6, 0, 5, 0, 3, 1, 7, 8, 1, 6, 4, 4, 4, 3, 0, 6, 1, 3, 4, 3, 7, 5, 1, 3, 0, 8, 6, 3, 7, 4, 4, 5, 9, 5, 5, 9, 2, 7, 3, 1, 7, 7, 8, 8, 5, 1, 7, 6, 6, 0, 2, 2, 2, 5, 2, 6, 4, 8, 3, 7, 1, 1, 9, 2, 1, 5, 4, 2, 8, 3, 2, 2, 7, 0, 8, 7, 0, 4, 4, 8, 2, 9, 2, 3, 0, 7, 1, 8, 4, 5, 6, 7, 5, 3, 2, 2, 2, 9, 8, 5, 1, 2, 1, 9, 7, 0, 6, 1, 2, 4, 7, 2, 6, 4, 9, 3, 6, 9, 2, 0, 3, 2, 4, 9, 5, 7, 6, 4, 5, 7, 5, 7, 6, 7, 7, 2, 4, 7, 2, 9, 0, 9, 6, 0, 3, 3, 0, 1, 0, 8, 1, 1, 6, 5, 5, 0, 4, 5, 9, 0, 4, 7, 2, 1, 1, 5, 1, 1, 1, 9, 3, 6, 8, 8, 2, 8, 9, 4, 2, 2, 9, 9, 5, 0, 2, 9, 2, 8, 5, 8, 6, 6, 5, 7, 5, 1, 8, 6, 2, 1, 6, 5, 6, 4, 2, 9, 1, 6, 6, 8, 6, 9, 4, 0, 5, 0, 5, 2, 3, 5, 6, 7, 3, 4, 4, 8, 7, 2, 4, 9, 1, 5, 4, 8, 7, 1, 4, 4, 8, 4, 7, 4, 4, 3, 3, 2, 3, 2, 8, 2, 0, 4, 0, 4, 2, 9, 3, 5, 3, 8, 0, 8, 9, 0, 6, 6, 5, 4, 9, 4, 4, 1, 7, 3, 0, 3, 0, 9, 8, 5, 2, 6, 5, 5, 5, 2, 3, 4, 4]"
298,0.37256250000791624,0.38843560000532307,nan,0.6935911999898963,0.05634670000290498,9.891568776528199e-11,0.3024310000182595,0.10036829998716712,4.547473508864641e-13,6.952757841613616e-16,1340.8061875450067,1340.8061875450062,"[1, 6, 3, 8, 7, 9, 5, 6, 3, 8, 5, 0, 1, 8, 5, 4, 3, 7, 7, 2, 3, 7, 7, 7, 7, 2, 7, 5, 2, 3, 6, 8, 2, 4, 0, 8, 0, 6, 6, 9, 9, 4, 2, 6, 0, 7, 4, 7, 7, 3, 2, 0, 8, 6, 1, 1, 1, 8, 8, 5, 6, 3, 6, 7, 8, 0, 7, 5, 4, 0, 6, 1, 4, 1, 2, 3, 3, 4, 1, 4, 1, 2, 9, 8, 9, 7, 2, 3, 9, 7, 7, 4, 8, 1, 8, 2, 5, 0, 8, 9, 7, 7, 3, 1, 1, 5, 7, 3, 5, 0, 5, 6, 6, 1, 0, 7, 7, 2, 3, 6, 9, 6, 0, 7, 5, 7, 9, 2, 8, 9, 6, 2, 2, 6, 8, 3, 9, 1, 2, 3, 6, 5, 5, 1, 7, 2, 0, 8, 1, 9, 3, 7, 3, 7, 8, 0, 6, 1, 2, 4, 7, 9, 6, 0, 0, 2, 6, 5, 3, 8, 2, 8, 1, 3, 4, 6, 9, 7, 2, 0, 4, 8, 4, 9, 0, 2, 9, 7, 6, 9, 6, 5, 5, 7, 5, 6, 2, 4, 5, 1, 7, 0, 9, 7, 9, 5, 2, 9, 5, 9, 1, 5, 6, 8, 0, 5, 4, 4, 3, 7, 8, 7, 0, 3, 2, 2, 0, 8, 8, 4, 5, 1, 1, 8, 6, 9, 1, 3, 8, 4, 5, 3, 0, 7, 1, 9, 0, 3, 8, 3, 1, 7, 7, 9, 6, 8, 2, 6, 2, 7, 1, 0, 7, 8, 2, 2, 4, 9, 4, 3, 1, 5, 2, 6, 2, 7, 2, 8, 1, 1, 5, 6, 9, 0, 8, 1, 8, 3, 0, 0, 4, 8, 2, 2, 2, 6, 7, 7]"
299,0.4938572999963071,0.29836569997132756,nan,0.8836167999834288,0.061173399997642264,1.444256404094223e-08,0.3374041000206489,0.12310050000087358,9.094947017729282e-13,7.830196662892169e-16,1342.3832012333319,1342.383201233331,"[2, 1, 4, 9, 8, 8, 9, 4, 0, 1, 2, 3, 2, 9, 3, 9, 0, 8, 3, 0, 1, 3, 8, 6, 0, 6, 1, 5, 2, 8, 0, 8, 2, 0, 3, 4, 1, 0, 2, 9, 5, 8, 7, 6, 3, 5, 7, 2, 0, 3, 2, 2, 0, 8, 3, 9, 7, 0, 0, 1, 0, 0, 2, 4, 4, 4, 2, 0, 5, 9, 4, 7, 0, 7, 9, 6, 6, 3, 6, 1, 9, 9, 8, 1, 0, 5, 9, 3, 8, 9, 1, 3, 4, 3, 1, 7, 2, 8, 7, 2, 4, 4, 1, 4, 4, 1, 3, 1, 6, 7, 6, 3, 9, 5, 8, 3, 3, 2, 4, 8, 8, 3, 2, 8, 4, 8, 3, 0, 1, 4, 7, 8, 2, 0, 2, 2, 6, 9, 8, 1, 6, 5, 7, 5, 6, 4, 6, 7, 2, 0, 8, 8, 7, 3, 8, 8, 0, 6, 6, 4, 2, 8, 4, 8, 5, 7, 4, 7, 4, 1, 2, 4, 3, 3, 4, 9, 7, 0, 5, 3, 7, 6, 9, 2, 3, 3, 2, 7, 9, 7, 6, 4, 5, 8, 5, 3, 7, 1, 9, 3, 9, 7, 6, 0, 0, 2, 5, 3, 3, 6, 6, 1, 9, 3, 2, 3, 0, 9, 6, 9, 5, 9, 7, 4, 4, 6, 1, 3, 9, 8, 4, 5, 8, 2, 3, 9, 0, 7, 3, 7, 2, 3, 4, 3, 6, 4, 7, 5, 0, 6, 4, 2, 3, 0, 7, 3, 8, 3, 4, 4, 4, 0, 0, 9, 7, 0, 7, 6, 6, 2, 2, 4, 3, 9, 2, 8, 7, 8, 1, 1, 4, 4, 1, 4, 1, 5, 8, 8, 2, 1, 9, 4, 3, 3, 0, 6, 3, 5, 9]"
300,0.5653664999990724,0.32105320002301596,nan,0.8770949000027031,0.0388356999901589,1.0056112991673518e-10,0.44913640001323074,0.3532118999864906,1.5916157281026244e-12,6.522191169128138e-16,1348.4694137997856,1348.4694137997872,"[8, 6, 9, 1, 5, 3, 6, 5, 9, 1, 3, 5, 2, 6, 0, 8, 2, 9, 5, 4, 1, 2, 6, 2, 7, 8, 6, 7, 3, 4, 8, 3, 1, 5, 4, 4, 8, 1, 3, 6, 4, 9, 4, 5, 7, 7, 0, 6, 2, 4, 2, 4, 5, 9, 4, 0, 2, 6, 9, 4, 7, 9, 3, 4, 2, 1, 0, 5, 5, 2, 5, 7, 9, 2, 7, 4, 2, 2, 2, 7, 6, 8, 5, 7, 1, 9, 2, 6, 7, 5, 4, 7, 6, 9, 5, 1, 9, 1, 1, 1, 0, 6, 3, 6, 5, 8, 7, 7, 1, 8, 5, 8, 7, 2, 9, 6, 7, 6, 2, 3, 7, 9, 8, 6, 8, 7, 2, 4, 5, 9, 3, 0, 3, 6, 9, 6, 3, 7, 8, 4, 0, 4, 4, 0, 6, 4, 3, 7, 7, 0, 8, 3, 9, 9, 2, 0, 5, 2, 0, 9, 7, 2, 2, 5, 9, 8, 9, 3, 6, 0, 8, 3, 5, 6, 2, 0, 3, 2, 6, 2, 9, 8, 3, 4, 8, 9, 4, 6, 1, 6, 2, 6, 2, 1, 5, 1, 9, 4, 1, 2, 3, 7, 8, 8, 0, 4, 2, 2, 1, 5, 8, 9, 3, 1, 4, 3, 0, 8, 6, 0, 4, 0, 5, 7, 7, 2, 0, 3, 9, 8, 9, 7, 2, 3, 7, 1, 4, 4, 5, 8, 9, 9, 0, 8, 7, 0, 4, 5, 0, 6, 5, 2, 9, 2, 1, 2, 8, 6, 0, 3, 5, 2, 1, 0, 4, 8, 3, 6, 9, 6, 6, 3, 3, 0, 9, 5, 2, 0, 2, 1, 8, 3, 7, 7, 0, 1, 5, 7, 8, 5, 4, 6, 8, 6, 3, 3, 1, 3, 2, 4]"
